Serveur du club introuvable.	Club server not found.	No se encuentra el servidor del club.	Servidor do clube não encontrado.
Pas de connexion internet. Réessaie dans un instant.	No internet connection. Try again in a moment.	Sin conexión a internet. Vuelve a intentarlo en un momento.	Sem ligação à internet. Tenta novamente daqui a pouco.
Message non envoyé : un mot grossier ou insultant n'est pas accepté dans ce chat. Reformule gentiment 🙂	Message not sent: rude or insulting words aren't allowed in this chat. Please rephrase nicely 🙂	Mensaje no enviado: no se aceptan palabras groseras ni insultos en este chat. Reformúlalo con amabilidad 🙂	Mensagem não enviada: palavras grosseiras ou insultuosas não são aceites neste chat. Reformula com simpatia 🙂
Doucement : attends quelques secondes entre deux messages.	Slow down: wait a few seconds between messages.	Más despacio: espera unos segundos entre mensajes.	Calma: espera alguns segundos entre mensagens.
Le chat est fermé pour l'instant par les coachs.	The chat is closed by the coaches for now.	Los entrenadores han cerrado el chat por ahora.	O chat está fechado pelos treinadores por agora.
Ce sondage est terminé.	This poll has ended.	Esta encuesta ha terminado.	Esta sondagem terminou.
Dans ce chat, seuls les coachs envoient des photos pour l'instant.	In this chat, only coaches can send photos for now.	En este chat, por ahora solo los entrenadores envían fotos.	Neste chat, por agora só os treinadores enviam fotos.
Cette photo ne passe pas : essaie avec une autre.	This photo won't upload: try another one.	Esta foto no se puede enviar: prueba con otra.	Esta foto não passa: tenta com outra.
Beaucoup de messages aujourd'hui : réessaie demain.	Lots of messages today: try again tomorrow.	Muchos mensajes hoy: vuelve a intentarlo mañana.	Muitas mensagens hoje: tenta novamente amanhã.
Tu as déjà envoyé 10 messages aujourd’hui : réessaie demain.	You've already sent 10 messages today: try again tomorrow.	Ya has enviado 10 mensajes hoy: vuelve a intentarlo mañana.	Já enviaste 10 mensagens hoje: tenta novamente amanhã.
Ce code ne fonctionne pas. Vérifie-le, ou demande ton code au coach.	This code doesn't work. Check it, or ask your coach for your code.	Este código no funciona. Compruébalo o pide tu código al entrenador.	Este código não funciona. Verifica-o ou pede o teu código ao treinador.
C'est passé : les réponses sont fermées.	It's over: replies are closed.	Ya pasó: las respuestas están cerradas.	Já passou: as respostas estão fechadas.
Cette tâche est déjà complète. Merci quand même !	This task is already complete. Thanks anyway!	Esta tarea ya está completa. ¡Gracias de todos modos!	Esta tarefa já está completa. Obrigado na mesma!
Cet espace n'est pas encore prêt : le club doit mettre à jour son serveur.	This space isn't ready yet: the club needs to update its server.	Este espacio aún no está listo: el club tiene que actualizar su servidor.	Este espaço ainda não está pronto: o clube tem de atualizar o servidor.
Le serveur ne répond pas. Réessaie dans un instant.	The server isn't responding. Try again in a moment.	El servidor no responde. Vuelve a intentarlo en un momento.	O servidor não responde. Tenta novamente daqui a pouco.
Codes déjà enregistrés sur ce téléphone :	Codes already saved on this phone:	Códigos ya guardados en este teléfono:	Códigos já guardados neste telemóvel:
Ton code personnel	Your personal code	Tu código personal	O teu código pessoal
Le club t'a donné un code de 8 lettres et chiffres (sur ta carte, ou par ton coach). Il ouvre	The club gave you an 8-character code of letters and numbers (on your card, or from your coach). It opens	El club te ha dado un código de 8 letras y números (en tu tarjeta o a través de tu entrenador). Abre	O clube deu-te um código de 8 letras e números (no teu cartão ou através do teu treinador). Abre
espace : tes convocations, ton temps de jeu, les matchs et les séances de ta catégorie.	space: your call-ups, your playing time, and your category's matches and training sessions.	espacio: tus convocatorias, tu tiempo de juego, los partidos y los entrenamientos de tu categoría.	espaço: as tuas convocatórias, o teu tempo de jogo, os jogos e os treinos da tua categoria.
J'ai lu la	I have read the	He leído la	Li a
page confidentialité	privacy page	página de privacidad	página de privacidade
Pas de code ? Demande-le à ton coach ou au responsable du club. Ne le donne à personne : il ouvre les informations de ton enfant ou les tiennes.	No code? Ask your coach or the club manager. Don't give it to anyone: it opens your child's information or your own.	¿No tienes código? Pídeselo a tu entrenador o al responsable del club. No se lo des a nadie: abre la información de tu hijo o la tuya.	Não tens código? Pede-o ao teu treinador ou ao responsável do clube. Não o dês a ninguém: abre as informações do teu filho ou as tuas.
@placeholder ABCD-2345	ABCD-2345	ABCD-2345	ABCD-2345
@aria-label Code personnel	Personal code	Código personal	Código pessoal
Le code a 8 caractères (ex : ABCD-2345).	The code has 8 characters (e.g. ABCD-2345).	El código tiene 8 caracteres (ej.: ABCD-2345).	O código tem 8 caracteres (ex.: ABCD-2345).
Coche la case : tu as lu la page confidentialité (et, pour un enfant de moins de 15 ans, tu es son parent).	Tick the box: you've read the privacy page (and, for a child under 15, you are their parent).	Marca la casilla: has leído la página de privacidad (y, para un menor de 15 años, eres su padre o madre).	Assinala a caixa: leste a página de privacidade (e, para uma criança com menos de 15 anos, és o pai ou a mãe).
Vérification…	Checking…	Comprobando…	A verificar…
⚽ Espace joueur	⚽ Player space	⚽ Espacio jugador	⚽ Espaço jogador
👪 Espace parents	👪 Parents space	👪 Espacio padres	👪 Espaço pais
Un autre enfant	Another child	Otro hijo	Outro filho
Un autre code	Another code	Otro código	Outro código
Se déconnecter	Log out	Cerrar sesión	Terminar sessão
fête ses	is turning	cumple	faz
{0} ans	{0} years old	{0} años	{0} anos
aujourd'hui	today	hoy	hoje
fête son anniversaire aujourd'hui	is celebrating their birthday today	celebra su cumpleaños hoy	faz anos hoje
Joyeux anniversaire {0} ! 🎂	Happy birthday {0}! 🎂	¡Feliz cumpleaños, {0}! 🎂	Parabéns, {0}! 🎂
{2}. Tout le club lui souhaite une magnifique journée 🥳	{2}. The whole club wishes them a wonderful day 🥳	{2}. Todo el club le desea un día magnífico 🥳	{2}. Todo o clube lhe deseja um dia magnífico 🥳
Ses coachs et les parents de la catégorie le fêtent dans le chat.	Their coaches and the category's parents are celebrating in the chat.	Sus entrenadores y los padres de la categoría lo celebran en el chat.	Os treinadores e os pais da categoria celebram no chat.
KING OF THE DAY	KING OF THE DAY	KING OF THE DAY	KING OF THE DAY
aujourd'hui !	today!	hoy!	hoje!
{1}Tout le club te souhaite une super journée 🥳	{1}The whole club wishes you a great day 🥳	{1}Todo el club te desea un día genial 🥳	{1}Todo o clube te deseja um ótimo dia 🥳
Tes coéquipiers et tes coachs te le souhaitent dans le chat 👑	Your teammates and coaches are wishing you well in the chat 👑	Tus compañeros y tus entrenadores te felicitan en el chat 👑	Os teus colegas de equipa e os teus treinadores dão-te os parabéns no chat 👑
Confidentialité	Privacy	Privacidad	Privacidade
: ta fiche, ta santé et tes contacts ne sont vus que par les coachs de ta catégorie et les responsables du club. Ce que tu écris ou envoies dans le chat est vu par ta catégorie (photos effacées après 90 jours, messages après 1 an).	: your profile, health info and contacts are only seen by your category's coaches and the club managers. What you write or send in the chat is seen by your category (photos deleted after 90 days, messages after 1 year).	: tu ficha, tu salud y tus contactos solo los ven los entrenadores de tu categoría y los responsables del club. Lo que escribes o envías en el chat lo ve tu categoría (fotos borradas a los 90 días, mensajes al año).	: a tua ficha, a tua saúde e os teus contactos só são vistos pelos treinadores da tua categoria e pelos responsáveis do clube. O que escreves ou envias no chat é visto pela tua categoria (fotos apagadas após 90 dias, mensagens após 1 ano).
🗑️ Supprimer mes données	🗑️ Delete my data	🗑️ Borrar mis datos	🗑️ Apagar os meus dados
Demander au club de supprimer toutes les données de	Ask the club to delete all the data of	¿Pedir al club que borre todos los datos de	Pedir ao clube que apague todos os dados de
ce joueur	this player	este jugador	este jogador
? Les coachs reçoivent la demande et suppriment la fiche dans le mois. Le code ne marchera plus ensuite.	? The coaches receive the request and delete the profile within a month. The code will then stop working.	? Los entrenadores reciben la solicitud y borran la ficha en el plazo de un mes. Después, el código dejará de funcionar.	? Os treinadores recebem o pedido e apagam a ficha no prazo de um mês. Depois, o código deixará de funcionar.
🗑️ Demande de suppression des données de {0} (espace {1}). Merci de supprimer sa fiche, ses photos et ses réponses dans le mois, puis de le confirmer.	🗑️ Request to delete {0}'s data ({1} space). Please delete their profile, photos and replies within a month, then confirm.	🗑️ Solicitud de borrado de los datos de {0} (espacio {1}). Por favor, borrad su ficha, sus fotos y sus respuestas en el plazo de un mes y confirmadlo.	🗑️ Pedido de eliminação dos dados de {0} (espaço {1}). Por favor, apaguem a ficha, as fotos e as respostas no prazo de um mês e depois confirmem.
Ta demande est envoyée aux coachs. Ils suppriment les données dans le mois.	Your request has been sent to the coaches. They'll delete the data within a month.	Tu solicitud se ha enviado a los entrenadores. Borrarán los datos en el plazo de un mes.	O teu pedido foi enviado aos treinadores. Vão apagar os dados no prazo de um mês.
🔔 Dernière étape	🔔 Last step	🔔 Último paso	🔔 Último passo
: active les notifications pour être prévenu (convocations, chat, changements).	: turn on notifications to stay informed (call-ups, chat, changes).	: activa las notificaciones para estar al tanto (convocatorias, chat, cambios).	: ativa as notificações para seres avisado (convocatórias, chat, alterações).
Activer les notifications	Turn on notifications	Activar las notificaciones	Ativar as notificações
📲 Installer	📲 Install	📲 Instalar	📲 Instalar
📲 Comment faire	📲 How to	📲 Cómo hacerlo	📲 Como fazer
📲 Installe l'appli sur ton téléphone	📲 Install the app on your phone	📲 Instala la app en tu teléfono	📲 Instala a app no teu telemóvel
Une icône comme une vraie appli, les notifications et le compteur de nouveautés. 1 minute.	An icon like a real app, notifications and a new-items counter. 1 minute.	Un icono como una app de verdad, las notificaciones y el contador de novedades. 1 minuto.	Um ícone como uma app a sério, as notificações e o contador de novidades. 1 minuto.
Plus tard	Later	Más tarde	Mais tarde
Ouvre l'appli avec la	Open the app with the	Abre la app con el	Abre a app com o
nouvelle icône	new icon	nuevo icono	novo ícone
, puis entre ton code :	, then enter your code:	, y luego introduce tu código:	, depois introduz o teu código:
📋 Copier	📋 Copy	📋 Copiar	📋 Copiar
Sur iPhone, l'appli installée ne connaît pas encore ton code : il faut le donner une fois.	On iPhone, the installed app doesn't know your code yet: you need to enter it once.	En iPhone, la app instalada aún no conoce tu código: tienes que introducirlo una vez.	No iPhone, a app instalada ainda não conhece o teu código: tens de o introduzir uma vez.
en haut de l'écran.	at the top of the screen.	en la parte superior de la pantalla.	no topo do ecrã.
« Ouvrir dans Safari »	« Open in Safari »	« Abrir en Safari »	« Abrir no Safari »
(iPhone) ou	(iPhone) or	(iPhone) o	(iPhone) ou
« Ouvrir dans Chrome »	« Open in Chrome »	« Abrir en Chrome »	« Abrir no Chrome »
(Android).	(Android).	(Android).	(Android).
Reviens ici et touche « Installer l'appli ».	Come back here and tap « Install the app ».	Vuelve aquí y toca « Instalar la app ».	Volta aqui e toca em « Instalar a app ».
Tu as ouvert le lien dans une autre appli (Facebook, Instagram…) : elle ne sait pas installer.	You opened the link in another app (Facebook, Instagram…): it can't install.	Has abierto el enlace en otra app (Facebook, Instagram…): no puede instalar.	Abriste a ligação noutra app (Facebook, Instagram…): ela não consegue instalar.
🔗 Copier le lien de la page	🔗 Copy the page link	🔗 Copiar el enlace de la página	🔗 Copiar a ligação da página
en bas de l'écran (en haut à droite sur iPad).	at the bottom of the screen (top right on iPad).	en la parte inferior de la pantalla (arriba a la derecha en iPad).	no fundo do ecrã (no canto superior direito no iPad).
Pas de barre en bas ? Touche d'abord le bas de l'écran ou ⋯.	No bar at the bottom? First tap the bottom of the screen or ⋯.	¿No hay barra abajo? Toca primero la parte inferior de la pantalla o ⋯.	Não há barra em baixo? Toca primeiro no fundo do ecrã ou em ⋯.
en haut à droite de Chrome.	at the top right of Chrome.	arriba a la derecha de Chrome.	no canto superior direito do Chrome.
Touche le bouton	Tap the button	Toca el botón	Toca no botão
Fais défiler et touche	Scroll down and tap	Desplázate y toca	Desliza e toca em
« Sur l'écran d'accueil »	« Add to Home Screen »	« Añadir a pantalla de inicio »	« Adicionar ao ecrã principal »
« Ajouter »	« Add »	« Añadir »	« Adicionar »
en haut à droite. L'icône du club apparaît sur ton écran.	at the top right. The club icon appears on your screen.	arriba a la derecha. El icono del club aparece en tu pantalla.	no canto superior direito. O ícone do clube aparece no teu ecrã.
Dans l'appli : touche	In the app: tap	En la app: toca	Na app: toca em
« Activer les notifications »	« Turn on notifications »	« Activar las notificaciones »	« Ativar as notificações »
« Autoriser »	« Allow »	« Permitir »	« Permitir »
Si tu ne trouves pas « Sur l'écran d'accueil », ouvre cette page dans	If you can't find « Add to Home Screen », open this page in	Si no encuentras « Añadir a pantalla de inicio », abre esta página en	Se não encontrares « Adicionar ao ecrã principal », abre esta página no
: ça marche toujours.	: it always works.	: siempre funciona.	: funciona sempre.
Touche le menu	Tap the menu	Toca el menú	Toca no menu
« Installer l'appli »	« Install app »	« Instalar aplicación »	« Instalar aplicação »
« Ajouter à l'écran d'accueil »	« Add to Home screen »	« Añadir a pantalla de inicio »	« Adicionar ao ecrã principal »
Confirme avec	Confirm with	Confirma con	Confirma com
« Installer »	« Install »	« Instalar »	« Instalar »
, puis ouvre l'appli avec la nouvelle icône (ton code est gardé).	, then open the app with the new icon (your code is kept).	, y luego abre la app con el nuevo icono (tu código se conserva).	, depois abre a app com o novo ícone (o teu código fica guardado).
📲 Installer l'appli	📲 Install the app	📲 Instalar la app	📲 Instalar a app
@aria-label Installer l'appli	Install the app	Instalar la app	Instalar a app
✓ Copié	✓ Copied	✓ Copiado	✓ Copiado
Copie ceci :	Copy this:	Copia esto:	Copia isto:
tu n'y apparais pas pour les autres (tu vois toujours tes chiffres et tes badges).	you don't appear there for others (you still see your stats and badges).	no apareces para los demás (sigues viendo tus cifras y tus insignias).	não apareces para os outros (continuas a ver os teus números e as tuas medalhas).
ton prénom et tes chiffres (buts, passes, présences) y apparaissent pour ta catégorie.	your first name and stats (goals, assists, attendance) appear there for your category.	tu nombre y tus cifras (goles, asistencias, presencias) aparecen para tu categoría.	o teu nome e os teus números (golos, assistências, presenças) aparecem para a tua categoria.
Apparaître dans les classements	Appear in the rankings	Aparecer en las clasificaciones	Aparecer nas classificações
Ne pas apparaître dans les classements	Don't appear in the rankings	No aparecer en las clasificaciones	Não aparecer nas classificações
Classements de la catégorie	Category rankings	Clasificaciones de la categoría	Classificações da categoria
Dans Chrome : touche	In Chrome: tap	En Chrome: toca	No Chrome: toca em
(le carré avec la flèche, en haut à droite) →	(the square with the arrow, top right) →	(el cuadrado con la flecha, arriba a la derecha) →	(o quadrado com a seta, no canto superior direito) →
Dans Safari : touche	In Safari: tap	En Safari: toca	No Safari: toca em
(le carré avec la flèche) →	(the square with the arrow) →	(el cuadrado con la flecha) →	(o quadrado com a seta) →
Être prévenu sur ce téléphone	Get notified on this phone	Recibir avisos en este teléfono	Ser avisado neste telemóvel
(convocations, changements d'horaire, annulations) : sur iPhone, ajoute d'abord cette page à l'écran d'accueil. {0}, puis ouvre-la depuis cette nouvelle icône : le bouton « Me prévenir » apparaît.	(call-ups, schedule changes, cancellations): on iPhone, first add this page to your home screen. {0}, then open it from that new icon: the « Notify me » button appears.	(convocatorias, cambios de horario, cancelaciones): en iPhone, primero añade esta página a la pantalla de inicio. {0}, luego ábrela desde ese nuevo icono: aparece el botón « Avisarme ».	(convocatórias, alterações de horário, cancelamentos): no iPhone, adiciona primeiro esta página ao ecrã principal. {0}, depois abre-a a partir desse novo ícone: aparece o botão « Avisar-me ».
🔔 Ce téléphone est prévenu : convocations, changements d'horaire ou de lieu, annulations.	🔔 This phone gets notified: call-ups, time or venue changes, cancellations.	🔔 Este teléfono recibe avisos: convocatorias, cambios de horario o de lugar, cancelaciones.	🔔 Este telemóvel é avisado: convocatórias, alterações de horário ou de local, cancelamentos.
Arrêter	Stop	Detener	Parar
🔔 Être prévenu sur ce téléphone	🔔 Get notified on this phone	🔔 Recibir avisos en este teléfono	🔔 Ser avisado neste telemóvel
: convocations, changements d'horaire ou de lieu, matchs et séances annulés.	: call-ups, time or venue changes, cancelled matches and sessions.	: convocatorias, cambios de horario o de lugar, partidos y entrenamientos cancelados.	: convocatórias, alterações de horário ou de local, jogos e treinos cancelados.
Me prévenir	Notify me	Avisarme	Avisar-me
Autorise les notifications pour cette appli dans les réglages du téléphone.	Allow notifications for this app in your phone settings.	Permite las notificaciones de esta app en los ajustes del teléfono.	Permite as notificações desta app nas definições do telemóvel.
Les notifications ne sont pas encore prêtes sur le serveur du club.	Notifications aren't ready yet on the club server.	Las notificaciones aún no están listas en el servidor del club.	As notificações ainda não estão prontas no servidor do clube.
Notifications impossibles sur ce téléphone.	Notifications aren't possible on this phone.	No es posible recibir notificaciones en este teléfono.	Notificações impossíveis neste telemóvel.
@aria-label Changer d'onglet	Switch tab	Cambiar de pestaña	Mudar de separador
yes on	yes on	yes on	yes on
🧭 Où veux-tu les onglets ?	🧭 Where do you want the tabs?	🧭 ¿Dónde quieres las pestañas?	🧭 Onde queres os separadores?
⬇️ Barre en bas	⬇️ Bar at the bottom	⬇️ Barra abajo	⬇️ Barra em baixo
↗️ Menu discret en haut à droite	↗️ Discreet menu at the top right	↗️ Menú discreto arriba a la derecha	↗️ Menu discreto no canto superior direito
Rien pour l'instant.	Nothing yet.	Nada por ahora.	Nada por agora.
Séance	Session	Sesión	Sessão
· {0} min	· {0} min	· {0} min	· {0} min
Vidéo	Video	Vídeo	Vídeo
Voir la vidéo	Watch the video	Ver el vídeo	Ver o vídeo
application/pdf	application/pdf	application/pdf	application/pdf
Ouverture…	Opening…	Abriendo…	A abrir…
Fichier introuvable.	File not found.	Archivo no encontrado.	Ficheiro não encontrado.
@alt			
Ouvrir le PDF	Open the PDF	Abrir el PDF	Abrir o PDF
Télécharger	Download	Descargar	Descarregar
Ouverture impossible	Can't open	No se puede abrir	Impossível abrir
💡 Les conseils du coach	💡 Coach's tips	💡 Los consejos del entrenador	💡 Os conselhos do treinador
Pas encore de conseil du coach. Quand il enverra un exercice pour progresser (course, passe, positionnement…), il apparaîtra ici.	No coach tips yet. When your coach sends an exercise to help you improve (running, passing, positioning…), it will appear here.	Aún no hay consejos del entrenador. Cuando envíe un ejercicio para progresar (carrera, pase, colocación…), aparecerá aquí.	Ainda não há conselhos do treinador. Quando ele enviar um exercício para progredires (corrida, passe, posicionamento…), vai aparecer aqui.
Des exercices choisis pour {0}, pour progresser là où c'est le plus utile.	Exercises chosen for {0}, to improve where it matters most.	Ejercicios elegidos para {0}, para progresar donde más falta hace.	Exercícios escolhidos para {0}, para progredir onde é mais útil.
Séance perso	Personal session	Sesión personal	Sessão pessoal
script[src*="member.js?v="]	script[src*="member.js?v="]	script[src*="member.js?v="]	script[src*="member.js?v="]
Mise à jour de l'appli…	Updating the app…	Actualizando la app…	A atualizar a app…
toast show	toast show	toast show	toast show
📲 Une nouveauté annoncée par le club ? Touche le bouton pour avoir la dernière version, sans fermer l'appli.	📲 New feature announced by the club? Tap the button to get the latest version, without closing the app.	📲 ¿El club ha anunciado una novedad? Toca el botón para tener la última versión, sin cerrar la app.	📲 O clube anunciou uma novidade? Toca no botão para teres a versão mais recente, sem fechar a app.
🔄 Mettre à jour l'appli	🔄 Update the app	🔄 Actualizar la app	🔄 Atualizar a app
✨ Nouvelle version de l'appli ({0})	✨ New app version ({0})	✨ Nueva versión de la app ({0})	✨ Nova versão da app ({0})
🔄 Mettre à jour	🔄 Update	🔄 Actualizar	🔄 Atualizar
🏃 Entraînement	🏃 Training	🏃 Entrenamiento	🏃 Treino
✓ présent	✓ present	✓ presente	✓ presente
✓ dispo	✓ available	✓ disponible	✓ disponível
✗ absent	✗ absent	✗ ausente	✗ ausente
✗ pas dispo	✗ unavailable	✗ no disponible	✗ indisponível
convoqué : réponds	called up: reply	convocado: responde	convocado: responde
pas encore répondu	no reply yet	aún sin responder	ainda sem resposta
🏠 contre	🏠 vs	🏠 contra	🏠 contra
🚌 chez	🚌 at	🚌 en casa de	🚌 em casa de
📣 Tu es convoqué	📣 You're called up	📣 Estás convocado	📣 Estás convocado
· RDV	· Meet	· Cita	· Encontro
▶ vidéo du coach	▶ coach's video	▶ vídeo del entrenador	▶ vídeo do treinador
Présent	Present	Presente	Presente
Pas dispo	Unavailable	No disponible	Indisponível
@aria-label Supprimer	Delete	Eliminar	Eliminar
Pas encore de commentaire.	No comments yet.	Aún no hay comentarios.	Ainda não há comentários.
@placeholder Un commentaire (vu par la catégorie et les coachs)	A comment (seen by the category and the coaches)	Un comentario (visible para la categoría y los entrenadores)	Um comentário (visto pela categoria e pelos treinadores)
Supprimer ton commentaire ?	Delete your comment?	¿Eliminar tu comentario?	Eliminar o teu comentário?
[data-evin="{0}"]	[data-evin="{0}"]	[data-evin="{0}"]	[data-evin="{0}"]
Cette semaine	This week	Esta semana	Esta semana
Semaine prochaine	Next week	La próxima semana	Próxima semana
Semaine du	Week of	Semana del	Semana de
⚠️ {0} sans réponse	⚠️ {0} without reply	⚠️ {0} sin respuesta	⚠️ {0} sem resposta
Voir seulement les 3 prochaines semaines	Show only the next 3 weeks	Ver solo las próximas 3 semanas	Ver só as próximas 3 semanas
[data-evreact], [data-evopen], [data-evsend], [data-evdel]	[data-evreact], [data-evopen], [data-evsend], [data-evdel]	[data-evreact], [data-evopen], [data-evsend], [data-evdel]	[data-evreact], [data-evopen], [data-evsend], [data-evdel]
Retirer ce code de ce téléphone ? Il faudra le retaper pour revenir.	Remove this code from this phone? You'll need to type it again to come back.	¿Quitar este código de este teléfono? Tendrás que volver a escribirlo para entrar.	Remover este código deste telemóvel? Terás de o escrever outra vez para voltar.
École / examens	School / exams	Colegio / exámenes	Escola / exames
Premier match	First match	Primer partido	Primeiro jogo
Premier but	First goal	Primer gol	Primeiro golo
Première passe décisive	First assist	Primera asistencia	Primeira assistência
Match en entier	Full match	Partido completo	Jogo completo
5 buts	5 goals	5 goles	5 golos
Coup du chapeau	Hat-trick	Hat-trick	Hat-trick
5 passes décisives	5 assists	5 asistencias	5 assistências
10 matchs	10 matches	10 partidos	10 jogos
10 entraînements	10 training sessions	10 entrenamientos	10 treinos
Toujours là (90 % des séances)	Always there (90% of sessions)	Siempre presente (90 % de las sesiones)	Sempre presente (90 % das sessões)
10 buts	10 goals	10 goles	10 golos
30 entraînements	30 training sessions	30 entrenamientos	30 treinos
Le club	The club	El club	O clube
Partager le résultat	Share the result	Compartir el resultado	Partilhar o resultado
mes buts	my goals	mis goles	os meus golos
les buts de	goals by	los goles de	os golos de
✅ Victoire	✅ Win	✅ Victoria	✅ Vitória
🟰 Match nul	🟰 Draw	🟰 Empate	🟰 Empate
❌ Défaite	❌ Loss	❌ Derrota	❌ Derrota
Mes badges	My badges	Mis insignias	As minhas medalhas
Les badges de	Badges of	Las insignias de	As medalhas de
{0} badge{1} sur {2} cette saison.	{0} badge{1} out of {2} this season.	{0} insignia{1} de {2} esta temporada.	{0} medalha{1} de {2} esta época.
Les premiers badges arrivent avec les premiers matchs et entraînements.	The first badges come with the first matches and training sessions.	Las primeras insignias llegan con los primeros partidos y entrenamientos.	As primeiras medalhas chegam com os primeiros jogos e treinos.
{3} En gris : les prochains à gagner.	{3} In grey: the next ones to earn.	{3} En gris: las próximas por conseguir.	{3} A cinzento: as próximas a ganhar.
⚽ Buteurs	⚽ Scorers	⚽ Goleadores	⚽ Marcadores
🅰️ Passeurs	🅰️ Assists	🅰️ Asistencias	🅰️ Assistências
🏃 Assiduité aux entraînements	🏃 Training attendance	🏃 Asistencia a los entrenamientos	🏃 Assiduidade nos treinos
Depuis le début de la saison, d'après les feuilles de match et les présences notées par les coachs.	Since the start of the season, based on match sheets and attendance recorded by the coaches.	Desde el inicio de la temporada, según las actas de los partidos y las asistencias anotadas por los entrenadores.	Desde o início da época, com base nas fichas de jogo e nas presenças registadas pelos treinadores.
Pourquoi ? Le coach verra la raison.	Why? The coach will see the reason.	¿Por qué? El entrenador verá el motivo.	Porquê? O treinador vai ver o motivo.
Envoyer : absent	Send: absent	Enviar: ausente	Enviar: ausente
@aria-label Raison de l'absence	Reason for absence	Motivo de la ausencia	Motivo da ausência
@placeholder Une précision (facultatif)	Details (optional)	Un detalle (opcional)	Um detalhe (opcional)
@aria-label Précision	Details	Detalle	Detalhe
Échauffement dynamique	Dynamic warm-up	Calentamiento dinámico	Aquecimento dinâmico
Trottiner 3 minutes, puis montées de genoux, talons-fesses, pas chassés, rotations des bras et des hanches.	Jog for 3 minutes, then high knees, butt kicks, side shuffles, arm and hip rotations.	Trotar 3 minutos, luego rodillas arriba, talones al glúteo, pasos laterales, rotaciones de brazos y caderas.	Trotar 3 minutos, depois skippings, calcanhares aos glúteos, passos laterais, rotações dos braços e das ancas.
Monter doucement le rythme|Respirer par le nez	Gradually raise the pace|Breathe through your nose	Subir el ritmo poco a poco|Respirar por la nariz	Aumentar o ritmo aos poucos|Respirar pelo nariz
Mobilité et activation	Mobility and activation	Movilidad y activación	Mobilidade e ativação
Sur place : cercles de chevilles, hanches, épaules, 10 squats lents, 10 fentes, 20 sauts légers.	On the spot: ankle, hip and shoulder circles, 10 slow squats, 10 lunges, 20 light jumps.	En el sitio: círculos de tobillos, caderas y hombros, 10 sentadillas lentas, 10 zancadas, 20 saltos suaves.	No lugar: círculos de tornozelos, ancas e ombros, 10 agachamentos lentos, 10 afundos, 20 saltos leves.
Mouvements amples et contrôlés	Wide, controlled movements	Movimientos amplios y controlados	Movimentos amplos e controlados
Footing d'endurance	Endurance run	Carrera de resistencia	Corrida de resistência
Courir à allure facile : tu dois pouvoir parler pendant la course.	Run at an easy pace: you should be able to talk while running.	Correr a ritmo suave: tienes que poder hablar mientras corres.	Correr a um ritmo fácil: tens de conseguir falar enquanto corres.
Allure régulière|Boire après	Steady pace|Drink afterwards	Ritmo regular|Beber después	Ritmo regular|Beber depois
Montre ou téléphone	Watch or phone	Reloj o teléfono	Relógio ou telemóvel
Fractionné 30-30	30-30 intervals	Intervalos 30-30	Intervalos 30-30
30 secondes de course rapide, 30 secondes de marche ou trot, 2 séries de 6 avec 3 minutes de pause.	30 seconds of fast running, 30 seconds of walking or jogging, 2 sets of 6 with a 3-minute break.	30 segundos de carrera rápida, 30 segundos caminando o trotando, 2 series de 6 con 3 minutos de pausa.	30 segundos de corrida rápida, 30 segundos a andar ou a trotar, 2 séries de 6 com 3 minutos de pausa.
Rapide mais pas à fond|Même distance à chaque fois	Fast but not flat out|Same distance each time	Rápido pero no a tope|Misma distancia cada vez	Rápido mas não no máximo|Mesma distância de cada vez
Sprints courts	Short sprints	Sprints cortos	Sprints curtos
8 sprints de 20 m, retour en marchant. Puis 4 départs différents (assis, de dos, couché).	8 sprints of 20 m, walk back. Then 4 different starts (sitting, facing backwards, lying down).	8 sprints de 20 m, vuelta caminando. Luego 4 salidas diferentes (sentado, de espaldas, tumbado).	8 sprints de 20 m, regresso a andar. Depois 4 partidas diferentes (sentado, de costas, deitado).
Pousser fort les premiers pas|Récupérer complètement	Push hard on the first steps|Recover fully	Empujar fuerte en los primeros pasos|Recuperar por completo	Empurrar forte nos primeiros passos|Recuperar totalmente
Circuit renforcement	Strength circuit	Circuito de fuerza	Circuito de reforço
3 tours : 15 squats, 10 pompes (genoux au sol si besoin), 10 fentes par jambe, 30 s de gainage, 20 crunchs. 1 minute de pause entre les tours.	3 rounds: 15 squats, 10 push-ups (knees on the ground if needed), 10 lunges per leg, 30 s plank, 20 crunches. 1-minute break between rounds.	3 vueltas: 15 sentadillas, 10 flexiones (rodillas en el suelo si hace falta), 10 zancadas por pierna, 30 s de plancha, 20 abdominales. 1 minuto de pausa entre vueltas.	3 voltas: 15 agachamentos, 10 flexões (joelhos no chão se for preciso), 10 afundos por perna, 30 s de prancha, 20 abdominais. 1 minuto de pausa entre voltas.
Dos droit|Qualité avant vitesse	Straight back|Quality before speed	Espalda recta|Calidad antes que velocidad	Costas direitas|Qualidade antes da velocidade
3 séries : planche 30 s, planche sur le côté 20 s chaque côté, pont fessier 30 s.	3 sets: plank 30 s, side plank 20 s each side, glute bridge 30 s.	3 series: plancha 30 s, plancha lateral 20 s cada lado, puente de glúteos 30 s.	3 séries: prancha 30 s, prancha lateral 20 s de cada lado, ponte de glúteos 30 s.
Corps bien aligné|Ne pas bloquer la respiration	Body well aligned|Don't hold your breath	Cuerpo bien alineado|No bloquear la respiración	Corpo bem alinhado|Não prender a respiração
Corde à sauter et appuis	Skipping rope and footwork	Comba y apoyos	Corda de saltar e apoios
5 x 1 minute de corde à sauter, puis 2 x 30 s de pas rapides sur place.	5 x 1 minute of skipping rope, then 2 x 30 s of quick steps on the spot.	5 x 1 minuto de comba, luego 2 x 30 s de pasos rápidos en el sitio.	5 x 1 minuto de corda de saltar, depois 2 x 30 s de passos rápidos no lugar.
Sur l'avant des pieds|Rester léger	On the balls of your feet|Stay light	Sobre la parte delantera de los pies|Mantenerse ligero	Na ponta dos pés|Manter-se leve
Corde à sauter	Skipping rope	Comba	Corda de saltar
Côtes	Hills	Cuestas	Subidas
6 montées rapides d'une côte (15 à 20 s), retour en marchant.	6 fast hill runs (15 to 20 s), walk back down.	6 subidas rápidas de una cuesta (15 a 20 s), vuelta caminando.	6 subidas rápidas de uma encosta (15 a 20 s), regresso a andar.
Bras actifs|Regard devant	Active arms|Eyes forward	Brazos activos|Mirada al frente	Braços ativos|Olhar em frente
Équilibre et chevilles	Balance and ankles	Equilibrio y tobillos	Equilíbrio e tornozelos
Sur une jambe : 30 s yeux ouverts, 30 s yeux fermés, puis petits sauts sur une jambe. Changer de jambe.	On one leg: 30 s eyes open, 30 s eyes closed, then small hops on one leg. Switch legs.	Sobre una pierna: 30 s con los ojos abiertos, 30 s con los ojos cerrados, luego saltitos sobre una pierna. Cambiar de pierna.	Numa perna: 30 s de olhos abertos, 30 s de olhos fechados, depois pequenos saltos numa perna. Trocar de perna.
Genou légèrement fléchi|Utile pour éviter les entorses	Knee slightly bent|Helps prevent sprains	Rodilla ligeramente flexionada|Útil para evitar esguinces	Joelho ligeiramente fletido|Útil para evitar entorses
Regarder un match comme un coach	Watch a match like a coach	Ver un partido como un entrenador	Ver um jogo como um treinador
Regarde 20 minutes d'un match de haut niveau en suivant uniquement un joueur de ton poste : où il se place avec et sans le ballon.	Watch 20 minutes of a top-level match following only one player in your position: where they stand with and without the ball.	Mira 20 minutos de un partido de alto nivel siguiendo solo a un jugador de tu posición: dónde se coloca con y sin balón.	Vê 20 minutos de um jogo de alto nível seguindo apenas um jogador da tua posição: onde se coloca com e sem bola.
Note 3 choses qu'il fait souvent|Essaie de les refaire à l'entraînement	Note 3 things they do often|Try to do them again in training	Anota 3 cosas que hace a menudo|Intenta repetirlas en el entrenamiento	Anota 3 coisas que ele faz muitas vezes|Tenta repeti-las no treino
Écran	Screen	Pantalla	Ecrã
Revoir mon dernier match	Review my last match	Repasar mi último partido	Rever o meu último jogo
Pense à 3 actions de ton dernier match : ce que tu as fait, ce que tu aurais pu faire. Écris-les.	Think of 3 moments from your last match: what you did, what you could have done. Write them down.	Piensa en 3 acciones de tu último partido: lo que hiciste y lo que podrías haber hecho. Escríbelas.	Pensa em 3 ações do teu último jogo: o que fizeste e o que podias ter feito. Escreve-as.
Une chose réussie, une chose à améliorer	One thing done well, one thing to improve	Una cosa bien hecha, una cosa por mejorar	Uma coisa bem feita, uma coisa a melhorar
Prise d'information	Scanning	Toma de información	Leitura de jogo
Par 2 : ton partenaire lève des doigts ou annonce une couleur pendant que tu reçois le ballon : tu dois répondre avant de jouer.	In pairs: your partner raises fingers or calls out a colour while you receive the ball: you must answer before playing.	Por parejas: tu compañero levanta dedos o dice un color mientras recibes el balón: tienes que responder antes de jugar.	Aos pares: o teu colega levanta dedos ou diz uma cor enquanto recebes a bola: tens de responder antes de jogar.
Regarder avant de recevoir|Tête levée	Look before receiving|Head up	Mirar antes de recibir|Cabeza levantada	Olhar antes de receber|Cabeça levantada
3 contre 1	3 vs 1	3 contra 1	3 contra 1
À 4 dans un carré de 8 m : 3 gardent le ballon, 1 essaie de le prendre. On change quand il le touche.	4 players in an 8 m square: 3 keep the ball, 1 tries to win it. Switch when they touch it.	De 4 en un cuadrado de 8 m: 3 mantienen el balón, 1 intenta quitarlo. Se cambia cuando lo toca.	A 4 num quadrado de 8 m: 3 mantêm a bola, 1 tenta tirá-la. Troca-se quando ele lhe toca.
Se déplacer pour offrir une solution|Jouer vite	Move to offer an option|Play quickly	Moverse para ofrecer una opción|Jugar rápido	Mover-se para oferecer uma solução|Jogar rápido
Ballon, plots	Ball, cones	Balón, conos	Bola, cones
Retour au calme et étirements	Cool-down and stretching	Vuelta a la calma y estiramientos	Retorno à calma e alongamentos
Marcher 2 minutes, puis étirer mollets, cuisses, ischio-jambiers, fessiers et dos (30 s chacun).	Walk for 2 minutes, then stretch calves, thighs, hamstrings, glutes and back (30 s each).	Caminar 2 minutos, luego estirar gemelos, muslos, isquiotibiales, glúteos y espalda (30 s cada uno).	Andar 2 minutos, depois alongar gémeos, coxas, isquiotibiais, glúteos e costas (30 s cada).
Pas d'à-coups|Respirer lentement	No jerky movements|Breathe slowly	Sin tirones|Respirar despacio	Sem movimentos bruscos|Respirar devagar
Jonglage : bats ton record	Juggling: beat your record	Toques: bate tu récord	Toques: bate o teu recorde
Jongle pied droit, pied gauche, cuisses, tête. Note ton record et essaie de le battre.	Juggle with right foot, left foot, thighs, head. Note your record and try to beat it.	Haz toques con el pie derecho, el izquierdo, los muslos y la cabeza. Anota tu récord e intenta batirlo.	Faz toques com o pé direito, o pé esquerdo, as coxas e a cabeça. Anota o teu recorde e tenta batê-lo.
Toucher le ballon du coup de pied|Pied faible aussi	Strike the ball with your laces|Weak foot too	Golpear el balón con el empeine|También el pie malo	Tocar na bola com o peito do pé|O pé mais fraco também
Conduite entre plots	Dribbling through cones	Conducción entre conos	Condução entre cones
6 plots en slalom : intérieur, extérieur, semelle. Puis accélération sur 10 m.	6 cones in a slalom: inside, outside, sole. Then accelerate over 10 m.	6 conos en slalom: interior, exterior, planta. Luego aceleración en 10 m.	6 cones em slalom: interior, exterior, sola. Depois aceleração em 10 m.
Petites touches|Tête levée entre les plots	Small touches|Head up between the cones	Toques cortos|Cabeza levantada entre los conos	Toques curtos|Cabeça levantada entre os cones
Passes et contrôles contre un mur	Passing and control against a wall	Pases y controles contra una pared	Passes e receções contra uma parede
À 5 m d'un mur : passe, contrôle orienté à droite, passe, contrôle orienté à gauche. 50 passes de chaque pied.	5 m from a wall: pass, directional control to the right, pass, directional control to the left. 50 passes with each foot.	A 5 m de una pared: pase, control orientado a la derecha, pase, control orientado a la izquierda. 50 pases con cada pie.	A 5 m de uma parede: passe, receção orientada para a direita, passe, receção orientada para a esquerda. 50 passes com cada pé.
Contrôle vers l'espace|Passe appuyée	Control into space|Firm pass	Control hacia el espacio|Pase firme	Receção para o espaço|Passe firme
Ballon, mur	Ball, wall	Balón, pared	Bola, parede
Frappes au but	Shooting at goal	Tiros a puerta	Remates à baliza
20 frappes de 16 m : 10 intérieur du pied placées, 10 coup de pied puissantes. Vise les coins.	20 shots from 16 m: 10 placed with the inside of the foot, 10 powerful laces shots. Aim for the corners.	20 tiros desde 16 m: 10 colocados con el interior del pie, 10 potentes con el empeine. Apunta a las esquinas.	20 remates a 16 m: 10 colocados com o interior do pé, 10 potentes com o peito do pé. Aponta aos cantos.
Pied d'appui à côté du ballon|Regarder le but puis le ballon	Standing foot beside the ball|Look at the goal, then the ball	Pie de apoyo junto al balón|Mirar la portería y luego el balón	Pé de apoio ao lado da bola|Olhar para a baliza e depois para a bola
Ballons, but	Balls, goal	Balones, portería	Bolas, baliza
Dribbles en 1 contre 1	1 vs 1 dribbling	Regates en 1 contra 1	Dribles em 1 contra 1
Par 2 dans un couloir de 10 m : dribbler son partenaire et franchir la ligne.	In pairs in a 10 m channel: dribble past your partner and cross the line.	Por parejas en un pasillo de 10 m: regatear al compañero y cruzar la línea.	Aos pares num corredor de 10 m: driblar o colega e passar a linha.
Feinte puis accélération|Protéger le ballon	Feint then accelerate|Shield the ball	Finta y luego aceleración|Proteger el balón	Finta e depois aceleração|Proteger a bola
Par 2 ou 4 avec un filet ou une ligne : un rebond autorisé, pieds et tête.	In 2s or 4s with a net or a line: one bounce allowed, feet and head.	Por parejas o de 4 con una red o una línea: un bote permitido, pies y cabeza.	Aos pares ou a 4 com uma rede ou uma linha: um ressalto permitido, pés e cabeça.
Contrôle de la cuisse|Placer le ballon	Thigh control|Place the ball	Control con el muslo|Colocar el balón	Receção com a coxa|Colocar a bola
Dribble à deux ballons	Two-ball dribbling	Bote con dos balones	Drible com duas bolas
Un ballon dans chaque main : dribbles simultanés, puis alternés, puis en marchant.	One ball in each hand: dribble at the same time, then alternating, then while walking.	Un balón en cada mano: botes simultáneos, luego alternos, luego caminando.	Uma bola em cada mão: dribles simultâneos, depois alternados, depois a andar.
Tête levée|Doigts, pas la paume	Head up|Fingers, not the palm	Cabeza levantada|Dedos, no la palma	Cabeça levantada|Dedos, não a palma
2 ballons	2 balls	2 balones	2 bolas
Tirs en 5 positions	Shooting from 5 spots	Tiros desde 5 posiciones	Lançamentos em 5 posições
5 positions autour du panier, 10 tirs par position. Note tes réussites.	5 spots around the basket, 10 shots per spot. Note how many you make.	5 posiciones alrededor de la canasta, 10 tiros por posición. Anota tus aciertos.	5 posições à volta do cesto, 10 lançamentos por posição. Anota os teus acertos.
Coude sous le ballon|Finir le geste	Elbow under the ball|Follow through	Codo bajo el balón|Terminar el gesto	Cotovelo por baixo da bola|Terminar o gesto
Ballon, panier	Ball, basket	Balón, canasta	Bola, cesto
Lancers francs	Free throws	Tiros libres	Lances livres
3 séries de 10 lancers francs avec toujours la même routine.	3 sets of 10 free throws, always with the same routine.	3 series de 10 tiros libres, siempre con la misma rutina.	3 séries de 10 lances livres, sempre com a mesma rotina.
Même routine à chaque tir|Respirer	Same routine every shot|Breathe	Misma rutina en cada tiro|Respirar	Mesma rotina em cada lançamento|Respirar
1 contre 1 au panier	1-on-1 to the basket	1 contra 1 a canasta	1 contra 1 ao cesto
Par 2 : 1 contre 1 depuis la ligne à 3 points.	In pairs: 1-on-1 from the 3-point line.	Por parejas: 1 contra 1 desde la línea de 3 puntos.	Aos pares: 1 contra 1 a partir da linha de 3 pontos.
Feinte de tir puis pénétration	Shot fake then drive	Finta de tiro y penetración	Finta de lançamento e penetração
Passes contre un mur	Passes against a wall	Pases contra una pared	Passes contra uma parede
À 4 m d'un mur : passes à une main, main droite puis gauche, en se déplaçant.	4 m from a wall: one-handed passes, right then left hand, while moving.	A 4 m de una pared: pases a una mano, derecha y luego izquierda, desplazándote.	A 4 m de uma parede: passes com uma mão, direita e depois esquerda, em deslocamento.
Bras armé haut|Réception mains en coupe	Throwing arm up high|Catch with cupped hands	Brazo armado arriba|Recepción con las manos en copa	Braço armado em cima|Receção com as mãos em concha
Tirs en appui	Standing shots	Lanzamientos en apoyo	Remates em apoio
20 tirs depuis 9 m en visant les coins (cible au mur si pas de but).	20 shots from 9 m aiming for the corners (target on the wall if no goal).	20 lanzamientos desde 9 m apuntando a las esquinas (diana en la pared si no hay portería).	20 remates a 9 m apontando aos cantos (alvo na parede se não houver baliza).
Pied opposé devant|Tirer au plus haut	Opposite foot forward|Shoot as high as possible	Pie contrario delante|Lanzar lo más alto posible	Pé contrário à frente|Rematar o mais alto possível
Ballons, but ou mur	Balls, goal or wall	Balones, portería o pared	Bolas, baliza ou parede
Manipulation de balle	Ball handling	Manejo de balón	Manuseamento da bola
Faire tourner le ballon autour de la taille, des jambes, passer d'une main à l'autre, dribbler.	Move the ball around your waist and legs, pass it from one hand to the other, dribble.	Pasa el balón alrededor de la cintura y de las piernas, de una mano a otra, y bota.	Roda a bola à volta da cintura e das pernas, passa-a de uma mão para a outra, dribla.
Regarder devant	Look ahead	Mirar al frente	Olhar em frente
Passes vers l'arrière en courant	Backward passes on the run	Pases hacia atrás en carrera	Passes para trás em corrida
Par 2 ou 3 en ligne décalée sur 30 m, aller-retour.	In 2s or 3s in a staggered line over 30 m, there and back.	De 2 o 3 en línea escalonada sobre 30 m, ida y vuelta.	A 2 ou 3 em linha escalonada ao longo de 30 m, ida e volta.
Passer vers l'arrière|Mains tendues vers le passeur	Pass backwards|Hands reaching to the passer	Pasar hacia atrás|Manos tendidas hacia el pasador	Passar para trás|Mãos estendidas para quem passa
Passes vrillées contre un mur, des deux côtés.	Spin passes against a wall, both sides.	Pases en espiral contra una pared, por los dos lados.	Passes em espiral contra uma parede, dos dois lados.
Pousser avec la main arrière	Push with the back hand	Empujar con la mano de atrás	Empurrar com a mão de trás
Jeu au pied de précision	Kicking accuracy	Juego al pie de precisión	Jogo ao pé de precisão
Viser des cibles à 15, 20 et 30 m (plots), puis chandelles et réceptions.	Aim at targets at 15, 20 and 30 m (cones), then up-and-unders and catches.	Apunta a dianas a 15, 20 y 30 m (conos), luego patadas altas y recepciones.	Aponta a alvos a 15, 20 e 30 m (pinos), depois pontapés altos e receções.
Regarder le ballon jusqu'au pied|Réception bras en panier	Watch the ball onto your foot|Catch with arms like a basket	Mirar el balón hasta el pie|Recepción con los brazos en cesta	Olhar para a bola até ao pé|Receção com os braços em cesto
Manchettes contre un mur	Digs against a wall	Antebrazos contra una pared	Manchetes contra uma parede
Manchettes continues contre un mur à 2 m de hauteur.	Continuous digs against a wall at 2 m high.	Antebrazos seguidos contra una pared a 2 m de altura.	Manchetes contínuas contra uma parede a 2 m de altura.
Bras tendus|Se placer avec les jambes	Arms straight|Get into position with your legs	Brazos extendidos|Colocarse con las piernas	Braços esticados|Posicionar-se com as pernas
Touches au-dessus de soi	Overhead sets	Toques por encima de la cabeza	Passes de dedos por cima da cabeça
Touches hautes continues au-dessus de soi, puis assis, puis en marchant.	Continuous high sets above your head, then sitting, then walking.	Toques altos seguidos por encima de la cabeza, luego sentado, luego caminando.	Passes de dedos altos e contínuos por cima da cabeça, depois sentado, depois a andar.
Mains en coupe au-dessus du front	Cupped hands above the forehead	Manos en copa por encima de la frente	Mãos em concha acima da testa
Service sur cible	Serving at a target	Saque a una diana	Serviço ao alvo
30 services en visant une zone (plot ou cerceau) dans le terrain.	30 serves aiming at a zone (cone or hoop) on the court.	30 saques apuntando a una zona (cono o aro) del campo.	30 serviços apontando a uma zona (pino ou arco) no campo.
Lancer régulier|Bras haut	Consistent toss|Arm up high	Lanzamiento regular|Brazo arriba	Lançamento regular|Braço em cima
Ballons, cible	Balls, target	Balones, diana	Bolas, alvo
Intermittent de l'arbitre	Referee interval run	Intermitente del árbitro	Intermitente do árbitro
40 m en 15 s puis 20 s de marche, répété 10 fois, 2 séries.	40 m in 15 s then 20 s walking, repeated 10 times, 2 sets.	40 m en 15 s y luego 20 s caminando, 10 veces, 2 series.	40 m em 15 s e depois 20 s a andar, repetido 10 vezes, 2 séries.
Régularité|Récupérer en marchant	Consistency|Recover while walking	Regularidad|Recuperar caminando	Regularidade|Recuperar a andar
Plots, chrono	Cones, stopwatch	Conos, cronómetro	Pinos, cronómetro
Déplacements latéraux et en arrière	Sideways and backward movement	Desplazamientos laterales y hacia atrás	Deslocamentos laterais e para trás
Courses en pas chassés et en reculant sur 20 m, changements de direction au signal.	Side-steps and backward running over 20 m, changing direction on the signal.	Carreras en paso lateral y de espaldas sobre 20 m, cambios de dirección a la señal.	Corridas em passo lateral e de costas ao longo de 20 m, mudanças de direção ao sinal.
Regard vers le jeu|Ne pas croiser les pieds	Eyes on the play|Don't cross your feet	Mirada hacia el juego|No cruzar los pies	Olhar para o jogo|Não cruzar os pés
Placement en diagonale	Diagonal positioning	Colocación en diagonal	Posicionamento em diagonal
Sur une vidéo de match, à chaque action, imagine où l'arbitre doit se placer pour voir l'action et l'assistant.	On a match video, for each action, imagine where the referee should stand to see the action and the assistant.	En un vídeo de partido, en cada acción, imagina dónde debe colocarse el árbitro para ver la jugada y al asistente.	Num vídeo de jogo, em cada lance, imagina onde o árbitro se deve colocar para ver a jogada e o assistente.
Garder le jeu entre soi et l'assistant	Keep the play between you and the assistant	Mantener el juego entre uno mismo y el asistente	Manter o jogo entre si e o assistente
Décider sur des situations vidéo	Making decisions on video clips	Decidir sobre situaciones en vídeo	Decidir sobre situações em vídeo
Regarde des actions litigieuses (fautes, hors-jeu, mains) et décide avant de voir la décision.	Watch disputed incidents (fouls, offside, handballs) and decide before seeing the decision.	Mira jugadas polémicas (faltas, fueras de juego, manos) y decide antes de ver la decisión.	Vê lances polémicos (faltas, foras de jogo, mãos) e decide antes de ver a decisão.
Décider vite|Justifier sa décision	Decide quickly|Justify your decision	Decidir rápido|Justificar la decisión	Decidir depressa|Justificar a decisão
💪 Physique	💪 Fitness	💪 Físico	💪 Físico
{0} Technique	{0} Technique	{0} Técnica	{0} Técnica
🧠 Tactique	🧠 Tactics	🧠 Táctica	🧠 Tática
à plusieurs	with others	con más gente	com outros
· ✅ fait	· ✅ done	· ✅ hecha	· ✅ feita
🏃 Entraînement perso de {0} ({1}) : {2}, {3} min, {4}{5}n	🏃 {0}'s personal training ({1}): {2}, {3} min, {4}{5}n	🏃 Entrenamiento personal de {0} ({1}): {2}, {3} min, {4}{5}n	🏃 Treino pessoal de {0} ({1}): {2}, {3} min, {4}{5}n
{0}. {1} ({2} min)	{0}. {1} ({2} min)	{0}. {1} ({2} min)	{0}. {1} ({2} min)
{0}'{1}/km · {2} km/h	{0}'{1}/km · {2} km/h	{0}'{1}/km · {2} km/h	{0}'{1}/km · {2} km/h
👟 Footings de {0} (7 derniers jours) : {1} sortie{2}, {3} min, {4} kmn	👟 {0}'s runs (last 7 days): {1} run{2}, {3} min, {4} kmn	👟 Carreras de {0} (últimos 7 días): {1} salida{2}, {3} min, {4} kmn	👟 Corridas de {0} (últimos 7 dias): {1} saída{2}, {3} min, {4} kmn
km (	km (	km (	km (
, ressenti	, feeling	, sensación	, sensação
{2} min	{2} min	{2} min	{2} min
Créer ma séance	Create my session	Crear mi sesión	Criar a minha sessão
👟 Mes footings	👟 My runs	👟 Mis carreras	👟 As minhas corridas
📒 Ce que j'ai fait	📒 What I've done	📒 Lo que he hecho	📒 O que já fiz
data-tab="{0}"	data-tab="{0}"	data-tab="{0}"	data-tab="{0}"
data-need="{0}"	data-need="{0}"	data-need="{0}"	data-need="{0}"
data-group="0"	data-group="0"	data-group="0"	data-group="0"
🙋 Seul	🙋 On my own	🙋 Solo	🙋 Sozinho
data-group="1"	data-group="1"	data-group="1"	data-group="1"
👥 À plusieurs	👥 With others	👥 Con más gente	👥 Com outros
data-place="t"	data-place="t"	data-place="t"	data-place="t"
🏟️ Terrain ou parc	🏟️ Pitch or park	🏟️ Campo o parque	🏟️ Campo ou parque
data-place="m"	data-place="m"	data-place="m"	data-place="m"
🏠 À la maison	🏠 At home	🏠 En casa	🏠 Em casa
data-min="{0}"	data-min="{0}"	data-min="{0}"	data-min="{0}"
📤 Envoyer à mon coach	📤 Send to my coach	📤 Enviar a mi entrenador	📤 Enviar ao meu treinador
Ta séance · {0} min	Your session · {0} min	Tu sesión · {0} min	A tua sessão · {0} min
✅ Je l'ai faite	✅ I did it	✅ La he hecho	✅ Já a fiz
🔄 Autre proposition	🔄 Another suggestion	🔄 Otra propuesta	🔄 Outra sugestão
De quoi as-tu besoin ?	What do you need?	¿Qué necesitas?	De que precisas?
Comment ?	How?	¿Cómo?	Como?
Où ?	Where?	¿Dónde?	Onde?
Combien de temps ?	How long?	¿Cuánto tiempo?	Quanto tempo?
✨ Créer ma séance	✨ Create my session	✨ Crear mi sesión	✨ Criar a minha sessão
data-feel="{0}"	data-feel="{0}"	data-feel="{0}"	data-feel="{0}"
km ·	km ·	km ·	km ·
Pas encore de footing noté.	No runs logged yet.	Aún no has anotado ninguna carrera.	Ainda não registaste nenhuma corrida.
📤 Envoyer mes footings de la semaine à mon coach	📤 Send this week's runs to my coach	📤 Enviar mis carreras de la semana a mi entrenador	📤 Enviar as corridas da semana ao meu treinador
Ajouter un footing	Add a run	Añadir una carrera	Adicionar uma corrida
Durée	Duration	Duración	Duração
Distance (km)	Distance (km)	Distancia (km)	Distância (km)
Note (facultatif)	Note (optional)	Nota (opcional)	Nota (opcional)
Mes chiffres	My stats	Mis cifras	Os meus números
sorties en 7 jours	runs in 7 days	salidas en 7 días	saídas em 7 dias
en 7 jours	in 7 days	en 7 días	em 7 dias
km en 30 jours	km in 30 days	km en 30 días	km em 30 dias
@placeholder 35 ou 1h05	35 or 1h05	35 o 1h05	35 ou 1h05
@placeholder 6,5	6.5	6,5	6,5
@placeholder ex : jambes lourdes, belle sortie	e.g. heavy legs, great run	ej.: piernas cargadas, buena carrera	ex.: pernas pesadas, boa corrida
· 📤 envoyée	· 📤 sent	· 📤 enviada	· 📤 enviada
Rien pour l'instant : crée ta première séance.	Nothing yet: create your first session.	Nada por ahora: crea tu primera sesión.	Nada por agora: cria a tua primeira sessão.
Mes séances faites	My completed sessions	Mis sesiones hechas	As minhas sessões feitas
🏃 Mon entraînement perso	🏃 My personal training	🏃 Mi entrenamiento personal	🏃 O meu treino pessoal
Tout reste sur ton téléphone. Seul ce que tu envoies arrive chez ton coach.	Everything stays on your phone. Only what you send reaches your coach.	Todo se queda en tu teléfono. Solo lo que envías le llega a tu entrenador.	Tudo fica no teu telemóvel. Só o que envias chega ao teu treinador.
@aria-label Fermer	Close	Cerrar	Fechar
Envoyé à ton coach 👍	Sent to your coach 👍	Enviado a tu entrenador 👍	Enviado ao teu treinador 👍
Envoi impossible	Couldn't send	No se ha podido enviar	Não foi possível enviar
Choisis au moins un besoin	Pick at least one need	Elige al menos una necesidad	Escolhe pelo menos uma necessidade
Bravo ! Séance notée 💪	Well done! Session logged 💪	¡Bravo! Sesión anotada 💪	Boa! Sessão registada 💪
[data-feel].on	[data-feel].on	[data-feel].on	[data-feel].on
Écris la durée (ex : 35 ou 1h05)	Enter the duration (e.g. 35 or 1h05)	Escribe la duración (ej.: 35 o 1h05)	Escreve a duração (ex.: 35 ou 1h05)
Distance trop grande	Distance too long	Distancia demasiado grande	Distância demasiado grande
Footing noté 👟	Run logged 👟	Carrera anotada 👟	Corrida registada 👟
10 pompes	10 push-ups	10 flexiones	10 flexões
20 abdos	20 sit-ups	20 abdominales	20 abdominais
15 squats	15 squats	15 sentadillas	15 agachamentos
Gainage 45 secondes	45-second plank	Plancha de 45 segundos	Prancha de 45 segundos
Ranger les plots à la fin de la séance	Put the cones away at the end of the session	Recoger los conos al final de la sesión	Arrumar os pinos no fim da sessão
Porter le sac de ballons	Carry the ball bag	Llevar la bolsa de balones	Levar o saco das bolas
20 jongles sans faire tomber le ballon	20 keepy-uppies without dropping the ball	20 toques sin que se caiga el balón	20 toques sem deixar cair a bola
Un tour de terrain en petites foulées	One lap of the pitch at an easy jog	Una vuelta al campo trotando	Uma volta ao campo em corrida leve
AS Monaco	AS Monaco	AS Monaco	AS Monaco
RC Lens	RC Lens	RC Lens	RC Lens
Stade Rennais	Stade Rennais	Stade Rennais	Stade Rennais
OGC Nice	OGC Nice	OGC Nice	OGC Nice
Real Madrid	Real Madrid	Real Madrid	Real Madrid
FC Barcelone	FC Barcelona	FC Barcelona	FC Barcelona
Atlético Madrid	Atlético Madrid	Atlético de Madrid	Atlético de Madrid
Manchester City	Manchester City	Manchester City	Manchester City
Manchester United	Manchester United	Manchester United	Manchester United
Bayern Munich	Bayern Munich	Bayern de Múnich	Bayern de Munique
Borussia Dortmund	Borussia Dortmund	Borussia Dortmund	Borussia Dortmund
AC Milan	AC Milan	AC Milan	AC Milan
Inter Milan	Inter Milan	Inter de Milán	Inter de Milão
Matchs indisponibles pour l'instant	Matches unavailable for now	Partidos no disponibles por ahora	Jogos indisponíveis por agora
Jeu indisponible	Game unavailable	Juego no disponible	Jogo indisponível
Chargement des matchs de Ligue des champions…	Loading Champions League matches…	Cargando partidos de la Liga de Campeones…	A carregar os jogos da Liga dos Campeões…
🎲 Jeu des pronos	🎲 Prediction game	🎲 Juego de pronósticos	🎲 Jogo de prognósticos
en cours	in progress	en juego	a decorrer
pas de prono	no prediction	sin pronóstico	sem prognóstico
· ✓ enregistré	· ✓ saved	· ✓ guardado	· ✓ guardado
⏸️ Le jeu est en pause (décision des coachs).	⏸️ The game is paused (coaches' decision).	⏸️ El juego está en pausa (decisión de los entrenadores).	⏸️ O jogo está em pausa (decisão dos treinadores).
🏋️ Gages pour la prochaine séance	🏋️ Forfeits for the next session	🏋️ Prendas para la próxima sesión	🏋️ Castigos para a próxima sessão
(semaine du {0})	(week of {0})	(semana del {0})	(semana de {0})
🤝 Égalité parfaite la semaine dernière : pas de gage.	🤝 Perfect tie last week: no forfeit.	🤝 Empate perfecto la semana pasada: sin prenda.	🤝 Empate perfeito na semana passada: sem castigo.
⚡ En cours	⚡ In progress	⚡ En juego	⚡ A decorrer
📝 À pronostiquer	📝 To predict	📝 Por pronosticar	📝 Por prognosticar
Ton prono s'enregistre dès que les deux scores sont remplis. Modifiable jusqu'au coup d'envoi.	Your prediction is saved as soon as both scores are filled in. You can change it until kick-off.	Tu pronóstico se guarda en cuanto rellenas los dos marcadores. Puedes cambiarlo hasta el inicio del partido.	O teu prognóstico fica guardado assim que os dois resultados estiverem preenchidos. Podes alterá-lo até ao pontapé de saída.
Pas de match à venir pour l'instant.	No upcoming matches for now.	No hay partidos próximos por ahora.	Sem jogos agendados por agora.
@title Réussite : pronos qui ont rapporté des points	Success rate: predictions that scored points	Acierto: pronósticos que han dado puntos	Acerto: prognósticos que deram pontos
@title Rapidité : avance moyenne avant le coup d'envoi	Speed: average time ahead of kick-off	Rapidez: antelación media antes del inicio	Rapidez: antecedência média antes do pontapé de saída
À égalité de points : la meilleure réussite (🎯 % de pronos qui rapportent), puis le plus rapide (⚡ avance moyenne avant le match).	If tied on points: best success rate (🎯 % of predictions that score), then fastest (⚡ average time ahead of the match).	En caso de empate a puntos: el mejor acierto (🎯 % de pronósticos que puntúan) y luego el más rápido (⚡ antelación media antes del partido).	Em caso de empate em pontos: o melhor acerto (🎯 % de prognósticos que pontuam), depois o mais rápido (⚡ antecedência média antes do jogo).
Le classement apparaîtra après les premiers matchs.	The leaderboard will appear after the first matches.	La clasificación aparecerá tras los primeros partidos.	A classificação aparecerá depois dos primeiros jogos.
⚙️ Réglages du jeu (coachs)	⚙️ Game settings (coaches)	⚙️ Ajustes del juego (entrenadores)	⚙️ Definições do jogo (treinadores)
Mettre le jeu en pause	Pause the game	Poner el juego en pausa	Pôr o jogo em pausa
Liste des gages (un par ligne)	List of forfeits (one per line)	Lista de prendas (una por línea)	Lista de castigos (um por linha)
Enregistrer les réglages	Save settings	Guardar los ajustes	Guardar as definições
Pronostique le score des matchs (gratuit, sans argent). Score exact :	Predict match scores (free, no money). Exact score:	Pronostica el resultado de los partidos (gratis, sin dinero). Resultado exacto:	Prevê o resultado dos jogos (grátis, sem dinheiro). Resultado exato:
3 pts	3 pts	3 pts	3 pts
· bon résultat :	· correct outcome:	· resultado acertado:	· resultado certo:
1 pt	1 pt	1 pt	1 pt
❤️ Mon club de cœur	❤️ My favourite club	❤️ Mi club del alma	❤️ O meu clube do coração
🏆 Classement	🏆 Leaderboard	🏆 Clasificación	🏆 Classificação
Matchs et résultats : TheSportsDB.	Matches and results: TheSportsDB.	Partidos y resultados: TheSportsDB.	Jogos e resultados: TheSportsDB.
@placeholder PSG, OM, Real Madrid…	PSG, OM, Real Madrid…	PSG, OM, Real Madrid…	PSG, OM, Real Madrid…
[data-h],[data-a]	[data-h],[data-a]	[data-h],[data-a]	[data-h],[data-a]
Prono enregistré ✓	Prediction saved ✓	Pronóstico guardado ✓	Prognóstico guardado ✓
Trop tard : le match a commencé.	Too late: the match has started.	Demasiado tarde: el partido ya ha empezado.	Tarde demais: o jogo já começou.
[data-gm-fav]	[data-gm-fav]	[data-gm-fav]	[data-gm-fav]
Club de cœur enregistré ❤️	Favourite club saved ❤️	Club del alma guardado ❤️	Clube do coração guardado ❤️
[data-gm-set]	[data-gm-set]	[data-gm-set]	[data-gm-set]
Réglages du jeu enregistrés	Game settings saved	Ajustes del juego guardados	Definições do jogo guardadas
Pas envoyé : un mot grossier ou insultant n'est pas accepté ici. Reformule gentiment 🙂	Not sent: rude or insulting words aren't allowed here. Please rephrase nicely 🙂	No enviado: aquí no se aceptan palabrotas ni insultos. Dilo de otra forma 🙂	Não enviado: palavrões ou insultos não são aceites aqui. Reformula com simpatia 🙂
Doucement : attends une seconde entre deux messages.	Easy: wait a second between messages.	Despacio: espera un segundo entre dos mensajes.	Calma: espera um segundo entre duas mensagens.
Les coachs ont mis le chat en lecture seule pour l'instant.	The coaches have set the chat to read-only for now.	Los entrenadores han puesto el chat en solo lectura por ahora.	Os treinadores puseram o chat só de leitura por agora.
Le serveur ne répond pas.	The server isn't responding.	El servidor no responde.	O servidor não responde.
Salut tout le monde 👋	Hi everyone 👋	Hola a todos 👋	Olá a todos 👋
Qui vient à l'entraînement ? ⚽	Who's coming to training? ⚽	¿Quién viene al entrenamiento? ⚽	Quem vem ao treino? ⚽
On lâche rien ! 💪	Never give up! 💪	¡No nos rendimos! 💪	Não desistimos! 💪
Aujourd'hui	Today	Hoy	Hoje
🔒 terminé	🔒 closed	🔒 cerrada	🔒 encerrada
plusieurs réponses	multiple answers	varias respuestas	várias respostas
une réponse	one answer	una respuesta	uma resposta
👀 Qui a voté ?	👀 Who voted?	👀 ¿Quién ha votado?	👀 Quem votou?
Clôturer	Close poll	Cerrar	Encerrar
Pas encore de sondage	No polls yet	Aún no hay encuestas	Ainda não há sondagens
Une date, un resto, un maillot… pose la question à toute la catégorie !	A date, a restaurant, a kit… ask the whole age group!	Una fecha, un restaurante, una camiseta… ¡pregunta a toda la categoría!	Uma data, um restaurante, uma camisola… pergunta a todo o escalão!
＋ Ajouter une réponse	＋ Add an answer	＋ Añadir una respuesta	＋ Adicionar uma resposta
📊 Nouveau sondage	📊 New poll	📊 Nueva encuesta	📊 Nova sondagem
Plusieurs réponses possibles	Multiple answers allowed	Varias respuestas posibles	Várias respostas possíveis
Créer le sondage	Create poll	Crear la encuesta	Criar a sondagem
@placeholder Ta question (ex : qui vient au resto samedi ?)	Your question (e.g. who's coming to the restaurant on Saturday?)	Tu pregunta (ej.: ¿quién viene al restaurante el sábado?)	A tua pergunta (ex.: quem vem ao restaurante no sábado?)
@aria-label Question	Question	Pregunta	Pergunta
· Parents	· Parents	· Padres	· Pais
👪 Parents	👪 Parents	👪 Padres	👪 Pais
⚽ Joueurs	⚽ Players	⚽ Jugadores	⚽ Jogadores
[data-cximg="{0}"]	[data-cximg="{0}"]	[data-cximg="{0}"]	[data-cximg="{0}"]
@alt Photo	Photo	Foto	Foto
{1}Touche pour fermer	{1}Tap to close	{1}Toca para cerrar	{1}Toca para fechar
image/jpeg	image/jpeg	image/jpeg	image/jpeg
🚫 Message supprimé	🚫 Message deleted	🚫 Mensaje eliminado	🚫 Mensagem eliminada
@title C'est son anniversaire	It's their birthday	Es su cumpleaños	Faz anos hoje
Message supprimé	Message deleted	Mensaje eliminado	Mensagem eliminada
Joyeux anniversaire{0} ! 🎂🎉	Happy birthday{0}! 🎂🎉	¡Feliz cumpleaños{0}! 🎂🎉	Parabéns{0}! 🎂🎉
🎂 Lui souhaiter	🎂 Wish them happy birthday	🎂 Felicitarle	🎂 Dar os parabéns
modifié	edited	editado	editada
Pas envoyé · toucher pour réessayer	Not sent · tap to retry	No enviado · toca para reintentar	Não enviada · toca para tentar de novo
↩️ Répondre	↩️ Reply	↩️ Responder	↩️ Responder
🚩 Oui, prévenir les coachs	🚩 Yes, notify the coaches	🚩 Sí, avisar a los entrenadores	🚩 Sim, avisar os treinadores
🚩 Signaler	🚩 Report	🚩 Denunciar	🚩 Denunciar
📌 Désépingler	📌 Unpin	📌 Desfijar	📌 Desafixar
📌 Épingler	📌 Pin	📌 Fijar	📌 Afixar
✏️ Modifier	✏️ Edit	✏️ Editar	✏️ Editar
🗑️ Supprimer	🗑️ Delete	🗑️ Eliminar	🗑️ Eliminar
Pas encore de message	No messages yet	Aún no hay mensajes	Ainda não há mensagens
Lance la discussion avec ta catégorie !	Start the conversation with your age group!	¡Empieza la conversación con tu categoría!	Começa a conversa com o teu escalão!
Chargement du chat…	Loading chat…	Cargando el chat…	A carregar o chat…
Pas de chat pour l'instant : tu n'es dans aucune équipe.	No chat for now: you're not in any team.	Sin chat por ahora: no estás en ningún equipo.	Sem chat por agora: não estás em nenhuma equipa.
@title Les mots grossiers ou insultants sont bloqués	Rude or insulting words are blocked	Las palabrotas y los insultos están bloqueados	Palavrões e insultos estão bloqueados
Notifications du chat coupées : toucher pour les remettre	Chat notifications off: tap to turn them back on	Notificaciones del chat desactivadas: toca para reactivarlas	Notificações do chat desligadas: toca para as voltar a ligar
Couper les notifications du chat	Mute chat notifications	Silenciar las notificaciones del chat	Silenciar as notificações do chat
Remettre les notifications	Turn notifications back on	Reactivar las notificaciones	Voltar a ligar as notificações
Couper les notifications	Mute notifications	Silenciar las notificaciones	Silenciar as notificações
Les joueurs peuvent envoyer des photos : toucher pour réserver les photos aux coachs	Players can send photos: tap to restrict photos to coaches	Los jugadores pueden enviar fotos: toca para reservar las fotos a los entrenadores	Os jogadores podem enviar fotos: toca para reservar as fotos aos treinadores
Photos réservées aux coachs : toucher pour les ouvrir aux joueurs	Photos restricted to coaches: tap to open them to players	Fotos reservadas a los entrenadores: toca para abrirlas a los jugadores	Fotos reservadas aos treinadores: toca para as abrir aos jogadores
@aria-label Photos des joueurs	Player photos	Fotos de los jugadores	Fotos dos jogadores
Les parents lisent sans pouvoir écrire : toucher pour leur rendre la parole	Parents can read but not write: tap to let them speak again	Los padres leen sin poder escribir: toca para devolverles la palabra	Os pais leem sem poder escrever: toca para lhes devolver a palavra
Mettre tous les parents en sourdine : ils lisent, seuls les coachs écrivent	Mute all parents: they read, only coaches write	Silenciar a todos los padres: leen, solo escriben los entrenadores	Silenciar todos os pais: leem, só os treinadores escrevem
Rouvrir le chat aux joueurs	Reopen chat to players	Reabrir el chat a los jugadores	Reabrir o chat aos jogadores
Fermer le chat : les joueurs lisent, seuls les coachs écrivent	Close chat: players read, only coaches write	Cerrar el chat: los jugadores leen, solo escriben los entrenadores	Fechar o chat: os jogadores leem, só os treinadores escrevem
🔊 Parole aux parents	🔊 Let parents speak	🔊 Palabra a los padres	🔊 Palavra aos pais
🔇 Sourdine parents	🔇 Mute parents	🔇 Silenciar padres	🔇 Silenciar pais
🔓 Rouvrir	🔓 Reopen	🔓 Reabrir	🔓 Reabrir
🔒 Fermer	🔒 Close	🔒 Cerrar	🔒 Fechar
King of the day	King of the day	King of the day	King of the day
: {0} · joyeux anniversaire ! 🎂	: {0} · happy birthday! 🎂	: {0} · ¡feliz cumpleaños! 🎂	: {0} · parabéns! 🎂
📷 Photo	📷 Photo	📷 Foto	📷 Foto
🔇 Parents en sourdine : seuls les coachs écrivent	🔇 Parents muted: only coaches write	🔇 Padres silenciados: solo escriben los entrenadores	🔇 Pais silenciados: só os treinadores escrevem
🔒 Chat fermé par les coachs	🔒 Chat closed by the coaches	🔒 Chat cerrado por los entrenadores	🔒 Chat fechado pelos treinadores
(toi, tu peux écrire)	(you can still write)	(tú sí puedes escribir)	(tu podes escrever)
＋ Nouveau sondage	＋ New poll	＋ Nueva encuesta	＋ Nova sondagem
de ton message	of your message	de tu mensaje	da tua mensagem
@aria-label Annuler la modification	Cancel edit	Cancelar la edición	Cancelar a edição
↩️ Réponse à	↩️ Reply to	↩️ Respuesta a	↩️ Resposta a
@aria-label Ne plus répondre	Stop replying	Dejar de responder	Deixar de responder
@aria-label Nouveau sondage	New poll	Nueva encuesta	Nova sondagem
<input type="file" accept="image function shown() { return !!(box && document.body.contains(box) && box.offsetParent !== null); } let sTop = -1; function safeTop() { if (sTop < 0) { const d = document.createElement(	<input type="file" accept="image function shown() { return !!(box && document.body.contains(box) && box.offsetParent !== null); } let sTop = -1; function safeTop() { if (sTop < 0) { const d = document.createElement(	<input type="file" accept="image function shown() { return !!(box && document.body.contains(box) && box.offsetParent !== null); } let sTop = -1; function safeTop() { if (sTop < 0) { const d = document.createElement(	<input type="file" accept="image function shown() { return !!(box && document.body.contains(box) && box.offsetParent !== null); } let sTop = -1; function safeTop() { if (sTop < 0) { const d = document.createElement(
@aria-label Envoyer une photo	Send a photo	Enviar una foto	Enviar uma foto
); d.style.cssText =	); d.style.cssText =	); d.style.cssText =	); d.style.cssText =
; document.body.appendChild(d); sTop = d.offsetHeight; d.remove(); } return sTop; } function fit() { const cx = $(	; document.body.appendChild(d); sTop = d.offsetHeight; d.remove(); } return sTop; } function fit() { const cx = $(	; document.body.appendChild(d); sTop = d.offsetHeight; d.remove(); } return sTop; } function fit() { const cx = $(	; document.body.appendChild(d); sTop = d.offsetHeight; d.remove(); } return sTop; } function fit() { const cx = $(
) || (box && box.firstElementChild); if (!cx || !shown()) return; if (!document.body.classList.contains(	) || (box && box.firstElementChild); if (!cx || !shown()) return; if (!document.body.classList.contains(	) || (box && box.firstElementChild); if (!cx || !shown()) return; if (!document.body.classList.contains(	) || (box && box.firstElementChild); if (!cx || !shown()) return; if (!document.body.classList.contains(
)) { if (cx.dataset.fit) { cx.style.cssText =	)) { if (cx.dataset.fit) { cx.style.cssText =	)) { if (cx.dataset.fit) { cx.style.cssText =	)) { if (cx.dataset.fit) { cx.style.cssText =
; cx.dataset.fit =	; cx.dataset.fit =	; cx.dataset.fit =	; cx.dataset.fit =
; } return; } const vv = window.visualViewport, vh = window.innerHeight, vvH = vv ? vv.height : vh, vvTop = vv ? vv.offsetTop : 0; const keyboard = vh - vvH - vvTop > 80 || document.body.classList.contains(	; } return; } const vv = window.visualViewport, vh = window.innerHeight, vvH = vv ? vv.height : vh, vvTop = vv ? vv.offsetTop : 0; const keyboard = vh - vvH - vvTop > 80 || document.body.classList.contains(	; } return; } const vv = window.visualViewport, vh = window.innerHeight, vvH = vv ? vv.height : vh, vvTop = vv ? vv.offsetTop : 0; const keyboard = vh - vvH - vvTop > 80 || document.body.classList.contains(	; } return; } const vv = window.visualViewport, vh = window.innerHeight, vvH = vv ? vv.height : vh, vvTop = vv ? vv.offsetTop : 0; const keyboard = vh - vvH - vvTop > 80 || document.body.classList.contains(
); const full = window.innerWidth <= 760, pad = full ? 0 : 6; document.body.classList.toggle(	); const full = window.innerWidth <= 760, pad = full ? 0 : 6; document.body.classList.toggle(	); const full = window.innerWidth <= 760, pad = full ? 0 : 6; document.body.classList.toggle(	); const full = window.innerWidth <= 760, pad = full ? 0 : 6; document.body.classList.toggle(
, full); let bottom = full ? 0 : 8; if (keyboard) bottom = Math.max(full ? 0 : 4, vh - (vvH + vvTop) + (full ? 0 : 4)); else document.querySelectorAll(	, full); let bottom = full ? 0 : 8; if (keyboard) bottom = Math.max(full ? 0 : 4, vh - (vvH + vvTop) + (full ? 0 : 4)); else document.querySelectorAll(	, full); let bottom = full ? 0 : 8; if (keyboard) bottom = Math.max(full ? 0 : 4, vh - (vvH + vvTop) + (full ? 0 : 4)); else document.querySelectorAll(	, full); let bottom = full ? 0 : 8; if (keyboard) bottom = Math.max(full ? 0 : 4, vh - (vvH + vvTop) + (full ? 0 : 4)); else document.querySelectorAll(
, edge); const css = full ? `left:0;width:100%;top:${Math.round(top)}px;bottom:${Math.round(bottom)}px;height:auto` : `left:${Math.round(r.left)}px;width:${Math.round(r.width)}px;top:${Math.round(top)}px;bottom:${Math.round(bottom)}px;height:auto`; if (cx.dataset.fit !== css) { cx.style.cssText = css; cx.dataset.fit = css; } } function setOn(on) { if (on === document.body.classList.contains(	, edge); const css = full ? `left:0;width:100%;top:${Math.round(top)}px;bottom:${Math.round(bottom)}px;height:auto` : `left:${Math.round(r.left)}px;width:${Math.round(r.width)}px;top:${Math.round(top)}px;bottom:${Math.round(bottom)}px;height:auto`; if (cx.dataset.fit !== css) { cx.style.cssText = css; cx.dataset.fit = css; } } function setOn(on) { if (on === document.body.classList.contains(	, edge); const css = full ? `left:0;width:100%;top:${Math.round(top)}px;bottom:${Math.round(bottom)}px;height:auto` : `left:${Math.round(r.left)}px;width:${Math.round(r.width)}px;top:${Math.round(top)}px;bottom:${Math.round(bottom)}px;height:auto`; if (cx.dataset.fit !== css) { cx.style.cssText = css; cx.dataset.fit = css; } } function setOn(on) { if (on === document.body.classList.contains(	, edge); const css = full ? `left:0;width:100%;top:${Math.round(top)}px;bottom:${Math.round(bottom)}px;height:auto` : `left:${Math.round(r.left)}px;width:${Math.round(r.width)}px;top:${Math.round(top)}px;bottom:${Math.round(bottom)}px;height:auto`; if (cx.dataset.fit !== css) { cx.style.cssText = css; cx.dataset.fit = css; } } function setOn(on) { if (on === document.body.classList.contains(
)) return; document.body.classList.toggle(	)) return; document.body.classList.toggle(	)) return; document.body.classList.toggle(	)) return; document.body.classList.toggle(
, on); if (!on) document.body.classList.remove(	, on); if (!on) document.body.classList.remove(	, on); if (!on) document.body.classList.remove(	, on); if (!on) document.body.classList.remove(
; } } } function grow() { const t = $(	; } } } function grow() { const t = $(	; } } } function grow() { const t = $(	; } } } function grow() { const t = $(
); if (!t) return; t.style.height =	); if (!t) return; t.style.height =	); if (!t) return; t.style.height =	); if (!t) return; t.style.height =
; t.style.height = Math.min(120, t.scrollHeight + 2) +	; t.style.height = Math.min(120, t.scrollHeight + 2) +	; t.style.height = Math.min(120, t.scrollHeight + 2) +	; t.style.height = Math.min(120, t.scrollHeight + 2) +
; } window.addEventListener(	; } window.addEventListener(	; } window.addEventListener(	; } window.addEventListener(
+ (o ? o.key :	+ (o ? o.key :	+ (o ? o.key :	+ (o ? o.key :
); if (!n) { if (b) b.remove(); return; } if (!b) { b = document.createElement(	); if (!n) { if (b) b.remove(); return; } if (!b) { b = document.createElement(	); if (!n) { if (b) b.remove(); return; } if (!b) { b = document.createElement(	); if (!n) { if (b) b.remove(); return; } if (!b) { b = document.createElement(
); b.className =	); b.className =	); b.className =	); b.className =
; t.appendChild(b); } b.textContent = n > 9 ?	; t.appendChild(b); } b.textContent = n > 9 ?	; t.appendChild(b); } b.textContent = n > 9 ?	; t.appendChild(b); } b.textContent = n > 9 ?
&& nearBottom()) markSeen(); else badge(unread()); } catch (e) { if (!view) { view = { cat:	&& nearBottom()) markSeen(); else badge(unread()); } catch (e) { if (!view) { view = { cat:	&& nearBottom()) markSeen(); else badge(unread()); } catch (e) { if (!view) { view = { cat:	&& nearBottom()) markSeen(); else badge(unread()); } catch (e) { if (!view) { view = { cat:
, msgs: [] }; if (box) box.innerHTML = `	, msgs: [] }; if (box) box.innerHTML = `	, msgs: [] }; if (box) box.innerHTML = `	, msgs: [] }; if (box) box.innerHTML = `
`; } } finally { busy = false; } } function tick() { if (!box || !document.body.contains(box)) { clearInterval(timer); timer = null; box = null; setOn(false); return; } const on = shown(); setOn(on); if (on && !wasShown) { fit(); toBottom(); markSeen(); } else if (on) fit(); wasShown = on; if (document.visibilityState !==	`; } } finally { busy = false; } } function tick() { if (!box || !document.body.contains(box)) { clearInterval(timer); timer = null; box = null; setOn(false); return; } const on = shown(); setOn(on); if (on && !wasShown) { fit(); toBottom(); markSeen(); } else if (on) fit(); wasShown = on; if (document.visibilityState !==	`; } } finally { busy = false; } } function tick() { if (!box || !document.body.contains(box)) { clearInterval(timer); timer = null; box = null; setOn(false); return; } const on = shown(); setOn(on); if (on && !wasShown) { fit(); toBottom(); markSeen(); } else if (on) fit(); wasShown = on; if (document.visibilityState !==	`; } } finally { busy = false; } } function tick() { if (!box || !document.body.contains(box)) { clearInterval(timer); timer = null; box = null; setOn(false); return; } const on = shown(); setOn(on); if (on && !wasShown) { fit(); toBottom(); markSeen(); } else if (on) fit(); wasShown = on; if (document.visibilityState !==
) return; if (Date.now() - lastPoll >= (on ? FAST : SLOW) - 200) load(false); } function send(text) { const b = String(text ||	) return; if (Date.now() - lastPoll >= (on ? FAST : SLOW) - 200) load(false); } function send(text) { const b = String(text ||	) return; if (Date.now() - lastPoll >= (on ? FAST : SLOW) - 200) load(false); } function send(text) { const b = String(text ||	) return; if (Date.now() - lastPoll >= (on ? FAST : SLOW) - 200) load(false); } function send(text) { const b = String(text ||
).trim(); if (!b || !canWrite()) return; if (editing) return saveEdit(b); const m = { id:	).trim(); if (!b || !canWrite()) return; if (editing) return saveEdit(b); const m = { id:	).trim(); if (!b || !canWrite()) return; if (editing) return saveEdit(b); const m = { id:	).trim(); if (!b || !canWrite()) return; if (editing) return saveEdit(b); const m = { id:
+ (++pend), at: new Date().toISOString(), name:	+ (++pend), at: new Date().toISOString(), name:	+ (++pend), at: new Date().toISOString(), name:	+ (++pend), at: new Date().toISOString(), name:
, kind: o.kind ||	, kind: o.kind ||	, kind: o.kind ||	, kind: o.kind ||
, mine: true, body: b, pend: true, reply: replyTo }; if (replyTo) { replyTo = null; const rb = box.querySelector(	, mine: true, body: b, pend: true, reply: replyTo }; if (replyTo) { replyTo = null; const rb = box.querySelector(	, mine: true, body: b, pend: true, reply: replyTo }; if (replyTo) { replyTo = null; const rb = box.querySelector(	, mine: true, body: b, pend: true, reply: replyTo }; if (replyTo) { replyTo = null; const rb = box.querySelector(
); if (rb) rb.remove(); } view.msgs.push(m); draft =	); if (rb) rb.remove(); } view.msgs.push(m); draft =	); if (rb) rb.remove(); } view.msgs.push(m); draft =	); if (rb) rb.remove(); } view.msgs.push(m); draft =
; const t = $(	; const t = $(	; const t = $(	; const t = $(
); if (t && t.value.trim() === b) { t.value =	); if (t && t.value.trim() === b) { t.value =	); if (t && t.value.trim() === b) { t.value =	); if (t && t.value.trim() === b) { t.value =
; grow(); } { const mp = $(	; grow(); } { const mp = $(	; grow(); } { const mp = $(	; grow(); } { const mp = $(
); if (mp && !mp.hidden) { mp.hidden = true; ment = null; fit(); } } const s = $(	); if (mp && !mp.hidden) { mp.hidden = true; ment = null; fit(); } } const s = $(	); if (mp && !mp.hidden) { mp.hidden = true; ment = null; fit(); } } const s = $(	); if (mp && !mp.hidden) { mp.hidden = true; ment = null; fit(); } } const s = $(
); } catch (e) { m.body = old; if (!ed.was) m.edited = false; drawAll(); (o.toast || alert)(nice(e), true); } } async function post(m, again) { try { await o.post(view.cat, m.body, m.reply ? m.reply.id : null); m.ok = true; for (let i = 0; i	); } catch (e) { m.body = old; if (!ed.was) m.edited = false; drawAll(); (o.toast || alert)(nice(e), true); } } async function post(m, again) { try { await o.post(view.cat, m.body, m.reply ? m.reply.id : null); m.ok = true; for (let i = 0; i	); } catch (e) { m.body = old; if (!ed.was) m.edited = false; drawAll(); (o.toast || alert)(nice(e), true); } } async function post(m, again) { try { await o.post(view.cat, m.body, m.reply ? m.reply.id : null); m.ok = true; for (let i = 0; i	); } catch (e) { m.body = old; if (!ed.was) m.edited = false; drawAll(); (o.toast || alert)(nice(e), true); } } async function post(m, again) { try { await o.post(view.cat, m.body, m.reply ? m.reply.id : null); m.ok = true; for (let i = 0; i
setTimeout(r, 150)); lastPoll = 0; await load(false); } catch (e) { if (/TROP_VITE/.test((e.code ||	setTimeout(r, 150)); lastPoll = 0; await load(false); } catch (e) { if (/TROP_VITE/.test((e.code ||	setTimeout(r, 150)); lastPoll = 0; await load(false); } catch (e) { if (/TROP_VITE/.test((e.code ||	setTimeout(r, 150)); lastPoll = 0; await load(false); } catch (e) { if (/TROP_VITE/.test((e.code ||
) ? row.nextElementSibling : row; after.insertAdjacentHTML(	) ? row.nextElementSibling : row; after.insertAdjacentHTML(	) ? row.nextElementSibling : row; after.insertAdjacentHTML(	) ? row.nextElementSibling : row; after.insertAdjacentHTML(
, menuHtml(m)); if (scroll) { const mn = box.querySelector(	, menuHtml(m)); if (scroll) { const mn = box.querySelector(	, menuHtml(m)); if (scroll) { const mn = box.querySelector(	, menuHtml(m)); if (scroll) { const mn = box.querySelector(
); if (mn && mn.scrollIntoView) mn.scrollIntoView({ block:	); if (mn && mn.scrollIntoView) mn.scrollIntoView({ block:	); if (mn && mn.scrollIntoView) mn.scrollIntoView({ block:	); if (mn && mn.scrollIntoView) mn.scrollIntoView({ block:
, behavior:	, behavior:	, behavior:	, behavior:
).trim()).filter(Boolean); if (!q) return (o.toast || alert)(	).trim()).filter(Boolean); if (!q) return (o.toast || alert)(	).trim()).filter(Boolean); if (!q) return (o.toast || alert)(	).trim()).filter(Boolean); if (!q) return (o.toast || alert)(
, true); if (opts.length < 2) return (o.toast || alert)(	, true); if (opts.length < 2) return (o.toast || alert)(	, true); if (opts.length < 2) return (o.toast || alert)(	, true); if (opts.length < 2) return (o.toast || alert)(
, true); creating = true; const sb = box.querySelector(	, true); creating = true; const sb = box.querySelector(	, true); creating = true; const sb = box.querySelector(	, true); creating = true; const sb = box.querySelector(
); if (sb) { sb.disabled = true; sb.textContent =	); if (sb) { sb.disabled = true; sb.textContent =	); if (sb) { sb.disabled = true; sb.textContent =	); if (sb) { sb.disabled = true; sb.textContent =
; } try { await o.poll(view.cat, q, opts, !!sheet.multi); sheet = null; mode =	; } try { await o.poll(view.cat, q, opts, !!sheet.multi); sheet = null; mode =	; } try { await o.poll(view.cat, q, opts, !!sheet.multi); sheet = null; mode =	; } try { await o.poll(view.cat, q, opts, !!sheet.multi); sheet = null; mode =
); } catch (err) { (o.toast || alert)(nice(err), true); if (sb && document.contains(sb)) { sb.disabled = false; sb.textContent =	); } catch (err) { (o.toast || alert)(nice(err), true); if (sb && document.contains(sb)) { sb.disabled = false; sb.textContent =	); } catch (err) { (o.toast || alert)(nice(err), true); if (sb && document.contains(sb)) { sb.disabled = false; sb.textContent =	); } catch (err) { (o.toast || alert)(nice(err), true); if (sb && document.contains(sb)) { sb.disabled = false; sb.textContent =
; } } finally { creating = false; } } function bind(el) { if (el.dataset.cxBound) return; el.dataset.cxBound = 1; el.addEventListener(	; } } finally { creating = false; } } function bind(el) { if (el.dataset.cxBound) return; el.dataset.cxBound = 1; el.addEventListener(	; } } finally { creating = false; } } function bind(el) { if (el.dataset.cxBound) return; el.dataset.cxBound = 1; el.addEventListener(	; } } finally { creating = false; } } function bind(el) { if (el.dataset.cxBound) return; el.dataset.cxBound = 1; el.addEventListener(
) { e.preventDefault(); createPoll(); return; } if (e.target.id ===	) { e.preventDefault(); createPoll(); return; } if (e.target.id ===	) { e.preventDefault(); createPoll(); return; } if (e.target.id ===	) { e.preventDefault(); createPoll(); return; } if (e.target.id ===
) { e.preventDefault(); const t = $(	) { e.preventDefault(); const t = $(	) { e.preventDefault(); const t = $(	) { e.preventDefault(); const t = $(
); send(t && t.value); if (t) t.focus({ preventScroll: true }); } }); el.addEventListener(	); send(t && t.value); if (t) t.focus({ preventScroll: true }); } }); el.addEventListener(	); send(t && t.value); if (t) t.focus({ preventScroll: true }); } }); el.addEventListener(	); send(t && t.value); if (t) t.focus({ preventScroll: true }); } }); el.addEventListener(
) sheet.q = e.target.value; if (e.target.dataset.cxopt) sheet.opts[+e.target.dataset.cxopt] = e.target.value; if (e.target.id ===	) sheet.q = e.target.value; if (e.target.dataset.cxopt) sheet.opts[+e.target.dataset.cxopt] = e.target.value; if (e.target.id ===	) sheet.q = e.target.value; if (e.target.dataset.cxopt) sheet.opts[+e.target.dataset.cxopt] = e.target.value; if (e.target.id ===	) sheet.q = e.target.value; if (e.target.dataset.cxopt) sheet.opts[+e.target.dataset.cxopt] = e.target.value; if (e.target.id ===
) sheet.multi = e.target.checked; } }); el.addEventListener(	) sheet.multi = e.target.checked; } }); el.addEventListener(	) sheet.multi = e.target.checked; } }); el.addEventListener(	) sheet.multi = e.target.checked; } }); el.addEventListener(
) sheet.multi = e.target.checked; if (e.target.id ===	) sheet.multi = e.target.checked; if (e.target.id ===	) sheet.multi = e.target.checked; if (e.target.id ===	) sheet.multi = e.target.checked; if (e.target.id ===
&& e.target.files && e.target.files[0]) { sendPhoto(e.target.files[0]); e.target.value =	&& e.target.files && e.target.files[0]) { sendPhoto(e.target.files[0]); e.target.value =	&& e.target.files && e.target.files[0]) { sendPhoto(e.target.files[0]); e.target.value =	&& e.target.files && e.target.files[0]) { sendPhoto(e.target.files[0]); e.target.value =
; } }); el.addEventListener(	; } }); el.addEventListener(	; } }); el.addEventListener(	; } }); el.addEventListener(
) return; draft = e.target.value; grow(); const s = $(	) return; draft = e.target.value; grow(); const s = $(	) return; draft = e.target.value; grow(); const s = $(	) return; draft = e.target.value; grow(); const s = $(
); if (s) s.disabled = !draft.trim(); mentionAsk(e.target); }); el.addEventListener(	); if (s) s.disabled = !draft.trim(); mentionAsk(e.target); }); el.addEventListener(	); if (s) s.disabled = !draft.trim(); mentionAsk(e.target); }); el.addEventListener(	); if (s) s.disabled = !draft.trim(); mentionAsk(e.target); }); el.addEventListener(
)) e.preventDefault(); }); el.addEventListener(	)) e.preventDefault(); }); el.addEventListener(	)) e.preventDefault(); }); el.addEventListener(	)) e.preventDefault(); }); el.addEventListener(
, on); window.scrollTo(0, 0); fit(); toBottom(); }, on ? 0 : 120); }; el.addEventListener(	, on); window.scrollTo(0, 0); fit(); toBottom(); }, on ? 0 : 120); }; el.addEventListener(	, on); window.scrollTo(0, 0); fit(); toBottom(); }, on ? 0 : 120); }; el.addEventListener(	, on); window.scrollTo(0, 0); fit(); toBottom(); }, on ? 0 : 120); }; el.addEventListener(
) kb(false); }); el.addEventListener(	) kb(false); }); el.addEventListener(	) kb(false); }); el.addEventListener(	) kb(false); }); el.addEventListener(
&& e.key ===	&& e.key ===	&& e.key ===	&& e.key ===
&& ment) { const f = box.querySelector(	&& ment) { const f = box.querySelector(	&& ment) { const f = box.querySelector(	&& ment) { const f = box.querySelector(
); if (f) { e.preventDefault(); mentionPick(f.dataset.cxment); return; } } if (e.target.id ===	); if (f) { e.preventDefault(); mentionPick(f.dataset.cxment); return; } } if (e.target.id ===	); if (f) { e.preventDefault(); mentionPick(f.dataset.cxment); return; } } if (e.target.id ===	); if (f) { e.preventDefault(); mentionPick(f.dataset.cxment); return; } } if (e.target.id ===
&& !e.shiftKey && matchMedia(	&& !e.shiftKey && matchMedia(	&& !e.shiftKey && matchMedia(	&& !e.shiftKey && matchMedia(
).matches) { e.preventDefault(); send(e.target.value); } }); el.addEventListener(	).matches) { e.preventDefault(); send(e.target.value); } }); el.addEventListener(	).matches) { e.preventDefault(); send(e.target.value); } }); el.addEventListener(	).matches) { e.preventDefault(); send(e.target.value); } }); el.addEventListener(
&& nearBottom()) { const n = $(	&& nearBottom()) { const n = $(	&& nearBottom()) { const n = $(	&& nearBottom()) { const n = $(
); if (n) n.hidden = true; markSeen(); } }, true); el.addEventListener(	); if (n) n.hidden = true; markSeen(); } }, true); el.addEventListener(	); if (n) n.hidden = true; markSeen(); } }, true); el.addEventListener(	); if (n) n.hidden = true; markSeen(); } }, true); el.addEventListener(
)) return toBottom(true); const mn = q(	)) return toBottom(true); const mn = q(	)) return toBottom(true); const mn = q(	)) return toBottom(true); const mn = q(
); if (mn) return mentionPick(mn.dataset.cxment); const md = q(	); if (mn) return mentionPick(mn.dataset.cxment); const md = q(	); if (mn) return mentionPick(mn.dataset.cxment); const md = q(	); if (mn) return mentionPick(mn.dataset.cxment); const md = q(
); if (md) { mode = md.dataset.cxmode; drawAll(); if (mode ===	); if (md) { mode = md.dataset.cxmode; drawAll(); if (mode ===	); if (md) { mode = md.dataset.cxmode; drawAll(); if (mode ===	); if (md) { mode = md.dataset.cxmode; drawAll(); if (mode ===
) toBottom(); else { const l = $(	) toBottom(); else { const l = $(	) toBottom(); else { const l = $(	) toBottom(); else { const l = $(
); if (l) l.scrollTop = 0; } return; } if (q(	); if (l) l.scrollTop = 0; } return; } if (q(	); if (l) l.scrollTop = 0; } return; } if (q(	); if (l) l.scrollTop = 0; } return; } if (q(
)) { sheet = { q:	)) { sheet = { q:	)) { sheet = { q:	)) { sheet = { q:
, opts: [	, opts: [	, opts: [	, opts: [
], multi: false }; drawAll(); const i = $(	], multi: false }; drawAll(); const i = $(	], multi: false }; drawAll(); const i = $(	], multi: false }; drawAll(); const i = $(
); if (i) i.focus(); return; } if (q(	); if (i) i.focus(); return; } if (q(	); if (i) i.focus(); return; } if (q(	); if (i) i.focus(); return; } if (q(
) || e.target.id ===	) || e.target.id ===	) || e.target.id ===	) || e.target.id ===
) { sheet = null; drawAll(); return; } if (q(	) { sheet = null; drawAll(); return; } if (q(	) { sheet = null; drawAll(); return; } if (q(	) { sheet = null; drawAll(); return; } if (q(
)) { if (sheet.opts.length < 6) sheet.opts.push(	)) { if (sheet.opts.length < 6) sheet.opts.push(	)) { if (sheet.opts.length < 6) sheet.opts.push(	)) { if (sheet.opts.length < 6) sheet.opts.push(
); drawAll(); const i = box.querySelector(`[data-cxopt="${sheet.opts.length - 1}"]`); if (i) i.focus(); return; } const vt = q(	); drawAll(); const i = box.querySelector(`[data-cxopt="${sheet.opts.length - 1}"]`); if (i) i.focus(); return; } const vt = q(	); drawAll(); const i = box.querySelector(`[data-cxopt="${sheet.opts.length - 1}"]`); if (i) i.focus(); return; } const vt = q(	); drawAll(); const i = box.querySelector(`[data-cxopt="${sheet.opts.length - 1}"]`); if (i) i.focus(); return; } const vt = q(
); if (vt) { const [id, i] = vt.dataset.cxvote.split(	); if (vt) { const [id, i] = vt.dataset.cxvote.split(	); if (vt) { const [id, i] = vt.dataset.cxvote.split(	); if (vt) { const [id, i] = vt.dataset.cxvote.split(
).map(Number); return vote(id, i); } const wh = q(	).map(Number); return vote(id, i); } const wh = q(	).map(Number); return vote(id, i); } const wh = q(	).map(Number); return vote(id, i); } const wh = q(
); if (wh) { const id = +wh.dataset.cxwho; whoOpen.has(id) ? whoOpen.delete(id) : whoOpen.add(id); drawList(false); return; } const cl = q(	); if (wh) { const id = +wh.dataset.cxwho; whoOpen.has(id) ? whoOpen.delete(id) : whoOpen.add(id); drawList(false); return; } const cl = q(	); if (wh) { const id = +wh.dataset.cxwho; whoOpen.has(id) ? whoOpen.delete(id) : whoOpen.add(id); drawList(false); return; } const cl = q(	); if (wh) { const id = +wh.dataset.cxwho; whoOpen.has(id) ? whoOpen.delete(id) : whoOpen.add(id); drawList(false); return; } const cl = q(
); if (cl) { const [id, c] = cl.dataset.cxclose.split(	); if (cl) { const [id, c] = cl.dataset.cxclose.split(	); if (cl) { const [id, c] = cl.dataset.cxclose.split(	); if (cl) { const [id, c] = cl.dataset.cxclose.split(
).map(Number); try { view.polls = await o.pollClose(view.cat, id, !!c); drawAll(); } catch (err) { (o.toast || alert)(nice(err), true); } return; } if (q(	).map(Number); try { view.polls = await o.pollClose(view.cat, id, !!c); drawAll(); } catch (err) { (o.toast || alert)(nice(err), true); } return; } if (q(	).map(Number); try { view.polls = await o.pollClose(view.cat, id, !!c); drawAll(); } catch (err) { (o.toast || alert)(nice(err), true); } return; } if (q(	).map(Number); try { view.polls = await o.pollClose(view.cat, id, !!c); drawAll(); } catch (err) { (o.toast || alert)(nice(err), true); } return; } if (q(
)) return; if (q(	)) return; if (q(	)) return; if (q(	)) return; if (q(
)) { const p = $(	)) { const p = $(	)) { const p = $(	)) { const p = $(
); if (p) p.hidden = !p.hidden; fit(); return; } const em = q(	); if (p) p.hidden = !p.hidden; fit(); return; } const em = q(	); if (p) p.hidden = !p.hidden; fit(); return; } const em = q(	); if (p) p.hidden = !p.hidden; fit(); return; } const em = q(
); if (em) { const t = $(	); if (em) { const t = $(	); if (em) { const t = $(	); if (em) { const t = $(
); if (!t) return; const a = t.selectionStart ?? t.value.length, b = t.selectionEnd ?? a; t.value = t.value.slice(0, a) + em.dataset.cxemo + t.value.slice(b); draft = t.value; t.selectionStart = t.selectionEnd = a + em.dataset.cxemo.length; grow(); const s = $(	); if (!t) return; const a = t.selectionStart ?? t.value.length, b = t.selectionEnd ?? a; t.value = t.value.slice(0, a) + em.dataset.cxemo + t.value.slice(b); draft = t.value; t.selectionStart = t.selectionEnd = a + em.dataset.cxemo.length; grow(); const s = $(	); if (!t) return; const a = t.selectionStart ?? t.value.length, b = t.selectionEnd ?? a; t.value = t.value.slice(0, a) + em.dataset.cxemo + t.value.slice(b); draft = t.value; t.selectionStart = t.selectionEnd = a + em.dataset.cxemo.length; grow(); const s = $(	); if (!t) return; const a = t.selectionStart ?? t.value.length, b = t.selectionEnd ?? a; t.value = t.value.slice(0, a) + em.dataset.cxemo + t.value.slice(b); draft = t.value; t.selectionStart = t.selectionEnd = a + em.dataset.cxemo.length; grow(); const s = $(
); if (s) s.disabled = false; return; } const hi = q(	); if (s) s.disabled = false; return; } const hi = q(	); if (s) s.disabled = false; return; } const hi = q(	); if (s) s.disabled = false; return; } const hi = q(
); if (hi) return send(hi.dataset.cxsay); const rt = q(	); if (hi) return send(hi.dataset.cxsay); const rt = q(	); if (hi) return send(hi.dataset.cxsay); const rt = q(	); if (hi) return send(hi.dataset.cxsay); const rt = q(
); if (c) { cat = c.dataset.cxcat; view = null; drawAll(); for (let i = 0; i	); if (c) { cat = c.dataset.cxcat; view = null; drawAll(); for (let i = 0; i	); if (c) { cat = c.dataset.cxcat; view = null; drawAll(); for (let i = 0; i	); if (c) { cat = c.dataset.cxcat; view = null; drawAll(); for (let i = 0; i
setTimeout(r, 100)); return load(true); } const f = q(	setTimeout(r, 100)); return load(true); } const f = q(	setTimeout(r, 100)); return load(true); } const f = q(	setTimeout(r, 100)); return load(true); } const f = q(
); if (f && o.off) { const off = f.dataset.cxoff ===	); if (f && o.off) { const off = f.dataset.cxoff ===	); if (f && o.off) { const off = f.dataset.cxoff ===	); if (f && o.off) { const off = f.dataset.cxoff ===
) : off ?	) : off ?	) : off ?	) : off ?
); } catch (err) { (o.toast || alert)(nice(err), true); } return; } if (q(	); } catch (err) { (o.toast || alert)(nice(err), true); } return; } if (q(	); } catch (err) { (o.toast || alert)(nice(err), true); } return; } if (q(	); } catch (err) { (o.toast || alert)(nice(err), true); } return; } if (q(
)) { const f = $(	)) { const f = $(	)) { const f = $(	)) { const f = $(
); if (f) f.click(); return; } const im = q(	); if (f) f.click(); return; } const im = q(	); if (f) f.click(); return; } const im = q(	); if (f) f.click(); return; } const im = q(
); if (im && !q(	); if (im && !q(	); if (im && !q(	); if (im && !q(
)) { const i = im.querySelector(	)) { const i = im.querySelector(	)) { const i = im.querySelector(	)) { const i = im.querySelector(
); } catch (err) { (o.toast || alert)(nice(err), true); } return; } const ph = q(	); } catch (err) { (o.toast || alert)(nice(err), true); } return; } const ph = q(	); } catch (err) { (o.toast || alert)(nice(err), true); } return; } const ph = q(	); } catch (err) { (o.toast || alert)(nice(err), true); } return; } const ph = q(
); if (ph && o.photosOk) { const on = ph.dataset.cxphotos ===	); if (ph && o.photosOk) { const on = ph.dataset.cxphotos ===	); if (ph && o.photosOk) { const on = ph.dataset.cxphotos ===	); if (ph && o.photosOk) { const on = ph.dataset.cxphotos ===
); } catch (err) { (o.toast || alert)(nice(err), true); } return; } const rx = q(	); } catch (err) { (o.toast || alert)(nice(err), true); } return; } const rx = q(	); } catch (err) { (o.toast || alert)(nice(err), true); } return; } const rx = q(	); } catch (err) { (o.toast || alert)(nice(err), true); } return; } const rx = q(
); if (rx && o.react) { const [id, e2] = rx.dataset.cxrx.split(	); if (rx && o.react) { const [id, e2] = rx.dataset.cxrx.split(	); if (rx && o.react) { const [id, e2] = rx.dataset.cxrx.split(	); if (rx && o.react) { const [id, e2] = rx.dataset.cxrx.split(
); armed = null; sure = null; closeMenu(); return react(+id, e2); } const gt = q(	); armed = null; sure = null; closeMenu(); return react(+id, e2); } const gt = q(	); armed = null; sure = null; closeMenu(); return react(+id, e2); } const gt = q(	); armed = null; sure = null; closeMenu(); return react(+id, e2); } const gt = q(
); if (gt) { const r = el.querySelector(`.cx-row[data-cx="${gt.dataset.cxgoto}"]`); if (r) { r.scrollIntoView({ block:	); if (gt) { const r = el.querySelector(`.cx-row[data-cx="${gt.dataset.cxgoto}"]`); if (r) { r.scrollIntoView({ block:	); if (gt) { const r = el.querySelector(`.cx-row[data-cx="${gt.dataset.cxgoto}"]`); if (r) { r.scrollIntoView({ block:	); if (gt) { const r = el.querySelector(`.cx-row[data-cx="${gt.dataset.cxgoto}"]`); if (r) { r.scrollIntoView({ block:
}); r.classList.add(	}); r.classList.add(	}); r.classList.add(	}); r.classList.add(
), 1400); } return; } const rp = q(	), 1400); } return; } const rp = q(	), 1400); } return; } const rp = q(	), 1400); } return; } const rp = q(
: m.name, body: (m.body ||	: m.name, body: (m.body ||	: m.name, body: (m.body ||	: m.name, body: (m.body ||
).slice(0, 90) }; armed = null; drawAll(); const t = $(	).slice(0, 90) }; armed = null; drawAll(); const t = $(	).slice(0, 90) }; armed = null; drawAll(); const t = $(	).slice(0, 90) }; armed = null; drawAll(); const t = $(
); if (t) t.focus(); } return; } if (q(	); if (t) t.focus(); } return; } if (q(	); if (t) t.focus(); } return; } if (q(	); if (t) t.focus(); } return; } if (q(
)) { replyTo = null; drawAll(); return; } const rr = q(	)) { replyTo = null; drawAll(); return; } const rr = q(	)) { replyTo = null; drawAll(); return; } const rr = q(	)) { replyTo = null; drawAll(); return; } const rr = q(
); } catch (err) { (o.toast || alert)(nice(err), true); } return; } const mu = q(	); } catch (err) { (o.toast || alert)(nice(err), true); } return; } const mu = q(	); } catch (err) { (o.toast || alert)(nice(err), true); } return; } const mu = q(	); } catch (err) { (o.toast || alert)(nice(err), true); } return; } const mu = q(
); if (mu && o.mute) { const on = mu.dataset.cxmute ===	); if (mu && o.mute) { const on = mu.dataset.cxmute ===	); if (mu && o.mute) { const on = mu.dataset.cxmute ===	); if (mu && o.mute) { const on = mu.dataset.cxmute ===
); } catch (err) { (o.toast || alert)(nice(err), true); } return; } const ed = q(	); } catch (err) { (o.toast || alert)(nice(err), true); } return; } const ed = q(	); } catch (err) { (o.toast || alert)(nice(err), true); } return; } const ed = q(	); } catch (err) { (o.toast || alert)(nice(err), true); } return; } const ed = q(
, was: !!m.edited }; replyTo = null; draft = m.body ||	, was: !!m.edited }; replyTo = null; draft = m.body ||	, was: !!m.edited }; replyTo = null; draft = m.body ||	, was: !!m.edited }; replyTo = null; draft = m.body ||
; drawAll(); const t = $(	; drawAll(); const t = $(	; drawAll(); const t = $(	; drawAll(); const t = $(
); if (t) { t.focus(); t.setSelectionRange(t.value.length, t.value.length); grow(); } return; } if (q(	); if (t) { t.focus(); t.setSelectionRange(t.value.length, t.value.length); grow(); } return; } if (q(	); if (t) { t.focus(); t.setSelectionRange(t.value.length, t.value.length); grow(); } return; } if (q(	); if (t) { t.focus(); t.setSelectionRange(t.value.length, t.value.length); grow(); } return; } if (q(
)) { editing = null; draft =	)) { editing = null; draft =	)) { editing = null; draft =	)) { editing = null; draft =
; drawAll(); return; } const yes = q(	; drawAll(); return; } const yes = q(	; drawAll(); return; } const yes = q(	; drawAll(); return; } const yes = q(
)) { armed = null; sure = null; closeMenu(); return; } const row = q(	)) { armed = null; sure = null; closeMenu(); return; } const row = q(	)) { armed = null; sure = null; closeMenu(); return; } const row = q(	)) { armed = null; sure = null; closeMenu(); return; } const row = q(
); if (row && !q(	); if (row && !q(	); if (row && !q(	); if (row && !q(
; draft =	; draft =	; draft =	; draft =
; mode =	; mode =	; mode =	; mode =
; sheet = null; whoOpen.clear(); replyTo = null; armed = null; sure = null; editing = null; } const old = box && box !== el && view && o && o.key === opts.key && box.firstElementChild; o = opts; bind(el); if (old) { const l = old.querySelector(	; sheet = null; whoOpen.clear(); replyTo = null; armed = null; sure = null; editing = null; } const old = box && box !== el && view && o && o.key === opts.key && box.firstElementChild; o = opts; bind(el); if (old) { const l = old.querySelector(	; sheet = null; whoOpen.clear(); replyTo = null; armed = null; sure = null; editing = null; } const old = box && box !== el && view && o && o.key === opts.key && box.firstElementChild; o = opts; bind(el); if (old) { const l = old.querySelector(	; sheet = null; whoOpen.clear(); replyTo = null; armed = null; sure = null; editing = null; } const old = box && box !== el && view && o && o.key === opts.key && box.firstElementChild; o = opts; bind(el); if (old) { const l = old.querySelector(
), top = l ? l.scrollTop : 0, f = document.activeElement; el.innerHTML =	), top = l ? l.scrollTop : 0, f = document.activeElement; el.innerHTML =	), top = l ? l.scrollTop : 0, f = document.activeElement; el.innerHTML =	), top = l ? l.scrollTop : 0, f = document.activeElement; el.innerHTML =
@aria-label Émojis	Emojis	Emojis	Emojis
⬇ Nouveaux messages	⬇ New messages	⬇ Mensajes nuevos	⬇ Novas mensagens
@aria-label Chat	Chat	Chat	Chat
@aria-label Sondages	Polls	Encuestas	Sondagens
-apple-system, BlinkMacSystemFont, "Segoe UI", Roboto, system-ui, sans-serif	-apple-system, BlinkMacSystemFont, "Segoe UI", Roboto, system-ui, sans-serif	-apple-system, BlinkMacSystemFont, "Segoe UI", Roboto, system-ui, sans-serif	-apple-system, BlinkMacSystemFont, "Segoe UI", Roboto, system-ui, sans-serif
MATCH NUL	DRAW	EMPATE	EMPATE
DÉFAITE	DEFEAT	DERROTA	DERROTA
rgba(255,255,255,.12)	rgba(255,255,255,.12)	rgba(255,255,255,.12)	rgba(255,255,255,.12)
rgba(255,255,255,.85)	rgba(255,255,255,.85)	rgba(255,255,255,.85)	rgba(255,255,255,.85)
Résultats du week-end	Weekend results	Resultados del fin de semana	Resultados do fim de semana
rgba(255,255,255,.08)	rgba(255,255,255,.08)	rgba(255,255,255,.08)	rgba(255,255,255,.08)
+ {0} autres matchs	+ {0} more matches	+ {0} partidos más	+ {0} outros jogos
rgba(255,255,255,.1)	rgba(255,255,255,.1)	rgba(255,255,255,.1)	rgba(255,255,255,.1)
&url=	&url=	&url=	&url=
Préparation de l'image…	Preparing the image…	Preparando la imagen…	A preparar a imagem…
@aria-label Partager	Share	Compartir	Partilhar
@alt Image à partager	Image to share	Imagen para compartir	Imagem para partilhar
📤 Partager l'image (Instagram, WhatsApp, Facebook…)	📤 Share the image (Instagram, WhatsApp, Facebook…)	📤 Compartir la imagen (Instagram, WhatsApp, Facebook…)	📤 Partilhar a imagem (Instagram, WhatsApp, Facebook…)
📤 Partager…	📤 Share…	📤 Compartir…	📤 Partilhar…
Enregistrer l'image	Save the image	Guardar la imagen	Guardar a imagem
Copier le texte	Copy the text	Copiar el texto	Copiar o texto
Instagram : « Partager l'image », ou enregistre l'image puis publie-la depuis Instagram.	Instagram: « Share the image », or save the image and post it from Instagram.	Instagram: « Compartir la imagen », o guarda la imagen y publícala desde Instagram.	Instagram: « Partilhar a imagem », ou guarda a imagem e publica-a a partir do Instagram.
@aria-label Texte du partage	Share text	Texto para compartir	Texto da partilha
Tête	Head	Cabeza	Cabeça
Commotion (choc à la tête)	Concussion (blow to the head)	Conmoción (golpe en la cabeza)	Concussão (pancada na cabeça)
Mâchoire / dents	Jaw / teeth	Mandíbula / dientes	Maxilar / dentes
Œil	Eye	Ojo	Olho
Cou / nuque	Neck	Cuello / nuca	Pescoço / nuca
Coup du lapin	Whiplash	Latigazo cervical	Golpe de chicote
Épaule	Shoulder	Hombro	Ombro
Luxation de l'épaule	Dislocated shoulder	Luxación de hombro	Luxação do ombro
Coiffe des rotateurs	Rotator cuff	Manguito rotador	Coifa dos rotadores
Bras / coude	Arm / elbow	Brazo / codo	Braço / cotovelo
Poignet / main	Wrist / hand	Muñeca / mano	Pulso / mão
Entorse du poignet	Sprained wrist	Esguince de muñeca	Entorse do pulso
Poitrine / haut du dos	Chest / upper back	Pecho / parte alta de la espalda	Peito / parte superior das costas
Haut du dos (dorsales)	Upper back (thoracic)	Parte alta de la espalda (dorsales)	Parte superior das costas (dorsais)
Trapèzes	Trapezius	Trapecios	Trapézios
Ventre / bas du dos	Stomach / lower back	Abdomen / zona lumbar	Barriga / fundo das costas
Bas du dos (lombaires)	Lower back (lumbar)	Zona lumbar (lumbares)	Fundo das costas (lombares)
Point de côté	Side stitch	Flato	Pontada
Aine / hanche / fessier	Groin / hip / buttocks	Ingle / cadera / glúteos	Virilha / anca / glúteos
Aine (adducteurs)	Groin (adductors)	Ingle (aductores)	Virilha (adutores)
Psoas (fléchisseur de hanche)	Psoas (hip flexor)	Psoas (flexor de la cadera)	Psoas (flexor da anca)
Ischio-jambiers (arrière)	Hamstrings (back)	Isquiotibiales (parte trasera)	Isquiotibiais (parte de trás)
Quadriceps (devant)	Quadriceps (front)	Cuádriceps (parte delantera)	Quadríceps (parte da frente)
Adducteurs (intérieur)	Adductors (inner thigh)	Aductores (parte interior)	Adutores (parte interior)
Élongation des ischios	Hamstring strain	Elongación de isquiotibiales	Distensão dos isquiotibiais
Déchirure des ischios	Hamstring tear	Rotura de isquiotibiales	Rutura dos isquiotibiais
Contusion (béquille)	Bruise (dead leg)	Contusión (bocadillo)	Contusão (paralisia)
Ligament croisé (LCA)	Cruciate ligament (ACL)	Ligamento cruzado (LCA)	Ligamento cruzado (LCA)
Ligament latéral interne	Medial collateral ligament	Ligamento lateral interno	Ligamento colateral medial
Ligament latéral externe	Lateral collateral ligament	Ligamento lateral externo	Ligamento colateral lateral
Ménisque	Meniscus	Menisco	Menisco
Rotule / tendon rotulien	Kneecap / patellar tendon	Rótula / tendón rotuliano	Rótula / tendão rotuliano
Jambe / mollet	Leg / calf	Pierna / gemelo	Perna / gémeo
Tennis leg (déchirure du mollet)	Tennis leg (calf tear)	Tennis leg (rotura del gemelo)	Tennis leg (rutura do gémeo)
Tibia (périostite)	Shin (shin splints)	Tibia (periostitis)	Tíbia (periostite)
Péroné	Fibula	Peroné	Perónio
Contusion (coup de crampon)	Bruise (stud kick)	Contusión (tacos)	Contusão (pitonada)
Cheville / Achille	Ankle / Achilles	Tobillo / Aquiles	Tornozelo / Aquiles
Entorse de la cheville	Sprained ankle	Esguince de tobillo	Entorse do tornozelo
Ligaments de la cheville	Ankle ligaments	Ligamentos del tobillo	Ligamentos do tornozelo
Malléole	Ankle bone (malleolus)	Maléolo	Maléolo
Tendon d'Achille	Achilles tendon	Tendón de Aquiles	Tendão de Aquiles
Voûte plantaire	Arch of the foot	Arco plantar	Arco plantar
Métatarse	Metatarsal	Metatarso	Metatarso
Dessus du pied	Top of the foot	Empeine	Peito do pé
Aponévrose plantaire	Plantar fascia	Fascia plantar	Fáscia plantar
Haut du dos	Upper back	Parte alta de la espalda	Parte superior das costas
Bas du dos	Lower back	Zona lumbar	Fundo das costas
Arrière de la cuisse	Back of the thigh	Parte trasera del muslo	Parte de trás da coxa
Talon / Achille	Heel / Achilles	Talón / Aquiles	Calcanhar / Aquiles
Élongation	Strain	Elongación	Distensão
Déchirure	Tear	Rotura	Rutura
Choc / contusion	Knock / bruise	Golpe / contusión	Pancada / contusão
Quelques jours	A few days	Unos días	Alguns dias
1 semaine	1 week	1 semana	1 semana
2 semaines	2 weeks	2 semanas	2 semanas
3 semaines	3 weeks	3 semanas	3 semanas
1 mois	1 month	1 mes	1 mês
6 semaines	6 weeks	6 semanas	6 semanas
3 mois	3 months	3 meses	3 meses
Je ne sais pas	I don't know	No lo sé	Não sei
img/corps-face.jpg	img/corps-face.jpg	img/corps-face.jpg	img/corps-face.jpg
transform="matrix(-1 0 0 1 {0} 0)"	transform="matrix(-1 0 0 1 {0} 0)"	transform="matrix(-1 0 0 1 {0} 0)"	transform="matrix(-1 0 0 1 {0} 0)"
<$1 data-bz="{0}" data-bs="{1}" class="{2}"	<$1 data-bz="{0}" data-bs="{1}" class="{2}"	<$1 data-bz="{0}" data-bs="{1}" class="{2}"	<$1 data-bz="{0}" data-bs="{1}" class="{2}"
Sa droite est à ta gauche · avant et arrière du corps	Their right is your left · front and back of the body	Su derecha es tu izquierda · parte delantera y trasera del cuerpo	A direita dele é a tua esquerda · frente e costas do corpo
@aria-label Le corps	The body	El cuerpo	O corpo
2. {0}{1} : c'est plutôt…	2. {0}{1}: it's more like…	2. {0}{1}: es más bien…	2. {0}{1}: é mais…
3. Le type de blessure	3. Type of injury	3. Tipo de lesión	3. Tipo de lesão
4. Temps de rétablissement estimé	4. Estimated recovery time	4. Tiempo de recuperación estimado	4. Tempo de recuperação estimado
1. Touche la zone douloureuse	1. Tap the painful area	1. Toca la zona que duele	1. Toca na zona dolorosa
la séance du	the session on	la sesión del	a sessão de
le match	the match	el partido	o jogo
🩹 Comment ça s'est passé pendant {0} ?	🩹 How did it go during {0}?	🩹 ¿Qué tal fue durante {0}?	🩹 Como correu durante {0}?
✅ Plus rien	✅ All good now	✅ Ya no tengo nada	✅ Já não tenho nada
⚠️ À surveiller	⚠️ Keep an eye on it	⚠️ A vigilar	⚠️ A vigiar
🩺 Toujours blessé	🩺 Still injured	🩺 Sigo lesionado	🩺 Continuo lesionado
« Plus rien » termine la blessure. « À surveiller » : la question revient après la prochaine séance.	« All good now » closes the injury. « Keep an eye on it »: the question comes back after the next session.	« Ya no tengo nada » cierra la lesión. « A vigilar »: la pregunta vuelve después de la próxima sesión.	« Já não tenho nada » encerra a lesão. « A vigiar »: a pergunta volta depois da próxima sessão.
· retour à confirmer	· return to be confirmed	· vuelta por confirmar	· regresso por confirmar
est rétabli	has recovered	se ha recuperado	recuperou
Je suis rétabli	I've recovered	Ya estoy recuperado	Já estou recuperado
s'est blessé	got injured	se ha lesionado	lesionou-se
Tu t'es blessé	You got injured	Te has lesionado	Lesionaste-te
{0} ? Montre où sur le corps : le coach est prévenu tout de suite.	{0}? Show where on the body: the coach is notified right away.	{0}? Muestra dónde en el cuerpo: el entrenador recibe el aviso al momento.	{0}? Mostra onde no corpo: o treinador é avisado de imediato.
no on	no on	no on	no on
🚑 Blessure	🚑 Injury	🚑 Lesión	🚑 Lesão
🚑 Signaler une blessure	🚑 Report an injury	🚑 Avisar de una lesión	🚑 Comunicar uma lesão
Blessure de	Injury of	Lesión de	Lesão de
Signaler une blessure	Report an injury	Avisar de una lesión	Comunicar uma lesão
@aria-label Retirer	Remove	Quitar	Remover
Déjà ajoutées :	Already added:	Ya añadidas:	Já adicionadas:
@placeholder Une précision (comment, quand, soins, kiné…)	A detail (how, when, treatment, physio…)	Un detalle (cómo, cuándo, cuidados, fisio…)	Um pormenor (como, quando, tratamentos, fisio…)
＋ Ajouter une autre blessure	＋ Add another injury	＋ Añadir otra lesión	＋ Adicionar outra lesão
blessures)	injuries)	lesiones)	lesões)
@aria-label Signaler une blessure	Report an injury	Avisar de una lesión	Comunicar uma lesão
Envoi…	Sending…	Enviando…	A enviar…
Les {0} blessures sont envoyées. Le coach est prévenu. Soigne-toi bien 🙏	The {0} injuries have been sent. The coach has been notified. Take care of yourself 🙏	Las {0} lesiones se han enviado. El entrenador está avisado. Cuídate mucho 🙏	As {0} lesões foram enviadas. O treinador foi avisado. Cuida-te bem 🙏
Le coach est prévenu. Soigne-toi bien 🙏	The coach has been notified. Take care of yourself 🙏	El entrenador está avisado. Cuídate mucho 🙏	O treinador foi avisado. Cuida-te bem 🙏
blessure(s) envoyée(s), les autres non :	injury(ies) sent, the others weren't:	lesión(es) enviada(s), las demás no:	lesão(ões) enviada(s), as outras não:
Tu es	Are you	¿Estás	Estás
{0} rétabli et peut rejouer ?	{0} recovered and able to play again?	{0} recuperado y en condiciones de volver a jugar?	{0} recuperado e em condições de voltar a jogar?
Où ça fait mal, qu'est-ce qui s'est passé ? (facultatif)	Where does it hurt, what happened? (optional)	¿Dónde duele, qué ha pasado? (opcional)	Onde dói, o que aconteceu? (opcional)
Super, blessure terminée 💪	Great, injury closed 💪	Genial, lesión cerrada 💪	Ótimo, lesão encerrada 💪
Noté : on surveille. Le coach le voit.	Noted: we'll keep an eye on it. The coach can see it.	Anotado: lo vigilamos. El entrenador lo ve.	Anotado: vamos vigiar. O treinador vê.
Super, bon retour sur le terrain 💪	Great, welcome back on the pitch 💪	Genial, bienvenido de nuevo al campo 💪	Ótimo, bom regresso ao relvado 💪
aliments, médicaments, piqûres… et la réaction	foods, medicines, insect stings… and the reaction	alimentos, medicamentos, picaduras… y la reacción	alimentos, medicamentos, picadas… e a reação
quoi, quand, et où ils sont (sac, trousse du coach…)	what, when, and where they are (bag, coach's kit…)	qué, cuándo y dónde están (mochila, botiquín del entrenador…)	o quê, quando e onde estão (saco, estojo do treinador…)
Conduite à tenir (PAI)	What to do (PAI)	Protocolo de actuación (PAI)	Procedimento a seguir (PAI)
ce qu'il faut faire en cas de crise	what to do in case of an attack	qué hacer en caso de crisis	o que fazer em caso de crise
À savoir	Good to know	Conviene saber	Convém saber
asthme, diabète, épilepsie, problème cardiaque, opération récente…	asthma, diabetes, epilepsy, heart condition, recent surgery…	asma, diabetes, epilepsia, problema cardíaco, operación reciente…	asma, diabetes, epilepsia, problema cardíaco, operação recente…
lunettes, lentilles, appareil dentaire, appareil auditif…	glasses, contact lenses, braces, hearing aid…	gafas, lentillas, aparato dental, audífono…	óculos, lentes de contacto, aparelho dentário, aparelho auditivo…
Pas encore remplie.	Not filled in yet.	Aún sin rellenar.	Ainda não preenchida.
📞 À appeler	📞 Who to call	📞 A quién llamar	📞 A quem ligar
par un coach	by a coach	por un entrenador	por um treinador
par la famille	by the family	por la familia	pela família
@placeholder Nom	Name	Nombre	Nome
@placeholder Lien (mère, oncle…)	Relationship (mother, uncle…)	Parentesco (madre, tío…)	Parentesco (mãe, tio…)
@placeholder Téléphone	Phone	Teléfono	Telefone
📞 Personnes à appeler en urgence	📞 Emergency contacts	📞 Personas a las que llamar en caso de urgencia	📞 Pessoas a contactar em caso de urgência
À connaître	Need to know	A tener en cuenta	A ter em conta
Ce que les coachs doivent savoir et qui appeler s'il arrive quelque chose. Seuls les coachs la voient.	What the coaches need to know and who to call if something happens. Only the coaches can see it.	Lo que los entrenadores deben saber y a quién llamar si pasa algo. Solo la ven los entrenadores.	O que os treinadores devem saber e a quem ligar se acontecer alguma coisa. Só os treinadores a veem.
Chargement…	Loading…	Cargando…	A carregar…
Pas encore remplie : prends 2 minutes, c'est important en déplacement.	Not filled in yet: take 2 minutes, it matters for away trips.	Aún sin rellenar: dedícale 2 minutos, es importante en los desplazamientos.	Ainda não preenchida: tira 2 minutos, é importante nas deslocações.
✍️ Remplir la fiche	✍️ Fill in the form	✍️ Rellenar la ficha	✍️ Preencher a ficha
Fiche urgence enregistrée ✓	Emergency form saved ✓	Ficha de urgencia guardada ✓	Ficha de urgência guardada ✓
Pas enregistrée, réessaie.	Not saved, try again.	No se ha guardado, inténtalo de nuevo.	Não foi guardada, tenta de novo.
Pas encore remplie. La famille peut la remplir dans son espace (onglet « Moi »), ou toi ici.	Not filled in yet. The family can fill it in from their space (« Me » tab), or you can do it here.	Aún sin rellenar. La familia puede rellenarla en su espacio (pestaña « Yo »), o tú aquí.	Ainda não preenchida. A família pode preenchê-la no seu espaço (separador « Eu »), ou tu aqui.
✍️ Remplir	✍️ Fill in	✍️ Rellenar	✍️ Preencher
🚑 Urgences de l'équipe	🚑 Team emergencies	🚑 Urgencias del equipo	🚑 Urgências da equipa
Aucune équipe.	No team.	Ningún equipo.	Nenhuma equipa.
Fiche pas remplie, pas de téléphone.	Form not filled in, no phone number.	Ficha sin rellenar, sin teléfono.	Ficha não preenchida, sem telefone.
@aria-label Équipe	Team	Equipo	Equipa
⚠️ À connaître ({0})	⚠️ Need to know ({0})	⚠️ A tener en cuenta ({0})	⚠️ A ter em conta ({0})
✅ Fiche remplie, rien de particulier ({0})	✅ Form filled in, nothing special ({0})	✅ Ficha rellenada, nada en particular ({0})	✅ Ficha preenchida, nada de especial ({0})
📝 Pas encore remplie ({0})	📝 Not filled in yet ({0})	📝 Aún sin rellenar ({0})	📝 Ainda não preenchida ({0})
Le téléphone des parents de la fiche joueur est montré en attendant. Pense à leur demander de la remplir (espace famille → « Moi »).	The parents' phone number from the player profile is shown in the meantime. Remember to ask them to fill it in (family space → « Me »).	Mientras tanto se muestra el teléfono de los padres de la ficha del jugador. Acuérdate de pedirles que la rellenen (espacio familia → « Yo »).	Entretanto, é mostrado o telefone dos pais da ficha do jogador. Lembra-te de lhes pedir que a preencham (espaço família → « Eu »).
{1} à connaître · {2}/{3} fiches remplies	{1} need to know · {2}/{3} forms filled in	{1} a tener en cuenta · {2}/{3} fichas rellenadas	{1} a ter em conta · {2}/{3} fichas preenchidas
🔒 Seulement pour les coachs. Les familles remplissent la fiche dans leur espace, onglet « Moi ».	🔒 Coaches only. Families fill in the form from their space, « Me » tab.	🔒 Solo para entrenadores. Las familias rellenan la ficha en su espacio, pestaña « Yo ».	🔒 Só para treinadores. As famílias preenchem a ficha no seu espaço, separador « Eu ».
[data-act="back"]	[data-act="back"]	[data-act="back"]	[data-act="back"]
Droit à l'image	Image rights	Derecho de imagen	Direito de imagem
Le club peut publier des photos et vidéos où l'on voit le joueur (site, réseaux, journal du club).	The club may publish photos and videos showing the player (website, social media, club newsletter).	El club puede publicar fotos y vídeos en los que aparezca el jugador (web, redes sociales, revista del club).	O clube pode publicar fotos e vídeos em que aparece o jogador (site, redes sociais, jornal do clube).
Soins d'urgence	Emergency care	Atención de urgencia	Cuidados de urgência
En cas d'urgence, les éducateurs peuvent appeler les secours et faire soigner le joueur, si on ne peut pas joindre la famille à temps.	In an emergency, coaches may call emergency services and have the player treated if the family can't be reached in time.	En caso de urgencia, los entrenadores pueden llamar a emergencias y hacer que atiendan al jugador, si no se puede contactar con la familia a tiempo.	Em caso de urgência, os treinadores podem chamar o socorro e fazer tratar o jogador, se não for possível contactar a família a tempo.
Le joueur peut monter dans la voiture d'un éducateur ou d'un autre parent pour aller aux matchs et en revenir.	The player may ride in a coach's or another parent's car to and from matches.	El jugador puede subir al coche de un entrenador o de otro padre para ir a los partidos y volver.	O jogador pode ir no carro de um treinador ou de outro pai para ir aos jogos e regressar.
Partir seul	Leaving alone	Irse solo	Sair sozinho
Le joueur peut rentrer seul après l'entraînement ou le match.	The player may go home alone after training or the match.	El jugador puede volver solo a casa después del entrenamiento o del partido.	O jogador pode voltar sozinho para casa depois do treino ou do jogo.
Données dans l'appli	Data in the app	Datos en la app	Dados na app
Le club garde dans l'appli les informations utiles à l'activité (contacts, présence, matchs, fiche urgence), comme expliqué dans la page Confidentialité.	The club keeps in the app the information needed for the activity (contacts, attendance, matches, emergency form), as explained on the Privacy page.	El club guarda en la app la información útil para la actividad (contactos, asistencia, partidos, ficha de urgencia), como se explica en la página Privacidad.	O clube guarda na app as informações úteis para a atividade (contactos, presenças, jogos, ficha de urgência), como explicado na página Privacidade.
@title Pas de réponse	No answer	Sin respuesta	Sem resposta
@title Oui	Yes	Sí	Sim
@title Non	No	No	Não
Tes réponses remplacent les autorisations sur papier. Tu peux les changer quand tu veux ; le club voit la date et le nom de qui a répondu.	Your answers replace the paper permission forms. You can change them whenever you like; the club sees the date and the name of who answered.	Tus respuestas sustituyen a las autorizaciones en papel. Puedes cambiarlas cuando quieras; el club ve la fecha y el nombre de quien ha respondido.	As tuas respostas substituem as autorizações em papel. Podes alterá-las quando quiseres; o clube vê a data e o nome de quem respondeu.
Ton nom	Your name	Tu nombre	O teu nome
(il est noté avec chaque réponse)	(it's recorded with each answer)	(se anota con cada respuesta)	(fica registado com cada resposta)
@placeholder ex : Karim B. (papa)	e.g. Karim B. (dad)	ej.: Karim B. (papá)	ex.: Karim B. (pai)
Écris d'abord ton nom, en bas	First write your name, below	Primero escribe tu nombre, abajo	Escreve primeiro o teu nome, em baixo
Réponse enregistrée ✓	Answer saved ✓	Respuesta guardada ✓	Resposta guardada ✓
Pas encore de réponse. La famille répond dans son espace (onglet « Moi »), ou tu notes ici une autorisation donnée sur papier.	No answer yet. The family answers from their space (« Me » tab), or you can record a permission given on paper here.	Aún sin respuesta. La familia responde en su espacio (pestaña « Yo »), o anotas aquí una autorización dada en papel.	Ainda sem resposta. A família responde no seu espaço (separador « Eu »), ou registas aqui uma autorização dada em papel.
✍️ Toute l'équipe	✍️ Whole team	✍️ Todo el equipo	✍️ Toda a equipa
✍️ Autorisations	✍️ Permissions	✍️ Autorizaciones	✍️ Autorizações
📝 Noter une réponse papier	📝 Record a paper answer	📝 Anotar una respuesta en papel	📝 Registar uma resposta em papel
btn small	btn small	btn small	btn small
Pour une autorisation signée sur papier : la réponse est notée « papier » avec ton nom et la date du jour.	For a permission signed on paper: the answer is recorded as « paper » with your name and today's date.	Para una autorización firmada en papel: la respuesta se anota como « papel » con tu nombre y la fecha de hoy.	Para uma autorização assinada em papel: a resposta fica registada como « papel » com o teu nome e a data de hoje.
un coach	a coach	un entrenador	um treinador
[data-picked="1"]	[data-picked="1"]	[data-picked="1"]	[data-picked="1"]
Autorisations enregistrées ✓	Permissions saved ✓	Autorizaciones guardadas ✓	Autorizações guardadas ✓
· {0} non	· {0} no	· {0} no	· {0} não
{1}/{2} familles ont répondu	{1}/{2} families have answered	{1}/{2} familias han respondido	{1}/{2} famílias responderam
Les familles répondent dans leur espace (onglet « Moi »). ❌ = la famille a dit non : à respecter (photos à ne pas publier, pas de covoiturage…).	Families answer from their space (« Me » tab). ❌ = the family said no: please respect it (photos not to be published, no carpooling…).	Las familias responden en su espacio (pestaña « Yo »). ❌ = la familia ha dicho que no: hay que respetarlo (fotos que no se publican, sin compartir coche…).	As famílias respondem no seu espaço (separador « Eu »). ❌ = a família disse que não: a respeitar (fotos a não publicar, sem boleias…).
Raison familiale	Family reasons	Motivos familiares	Motivos familiares
Voyage scolaire	School trip	Viaje escolar	Visita de estudo
En retard	Running late	Llego tarde	Atrasado
Souci de transport	Transport problem	Problema de transporte	Problema de transporte
Une douleur	Some pain	Un dolor	Uma dor
Empêché	Something came up	Un imprevisto	Um imprevisto
Autre / pas de date	Other / no date	Otro / sin fecha	Outro / sem data
Ex. : j'arrive vers 18h20	E.g. I'll be there around 6:20 pm	Ej.: llego sobre las 18:20	Ex.: chego por volta das 18h20
Ex. : personne pour l'emmener, quelqu'un peut le prendre ?	E.g. no one to take him, can someone pick him up?	Ej.: no hay nadie para llevarlo, ¿alguien puede recogerlo?	Ex.: não há ninguém para o levar, alguém o pode apanhar?
Ex. : mal au genou depuis samedi	e.g. sore knee since Saturday	Ej.: me duele la rodilla desde el sábado	Ex.: dor no joelho desde sábado
Ex. : rendez-vous médical	e.g. doctor's appointment	Ej.: cita médica	Ex.: consulta médica
Une vraie blessure ? Signale-la aussi avec « 🚑 Blessure » : le coach suit son évolution.	A real injury? Report it with « 🚑 Injury » too: the coach will track how it's going.	¿Una lesión de verdad? Avísala también con « 🚑 Lesión »: el coach sigue su evolución.	Uma lesão a sério? Assinala-a também com « 🚑 Lesão »: o coach acompanha a evolução.
Un mot pour le coach (facultatif)	A note for the coach (optional)	Un mensaje para el coach (opcional)	Uma palavra para o coach (opcional)
Envoyer au coach	Send to coach	Enviar al coach	Enviar ao coach
Au (inclus)	To (inclusive)	Hasta (incluido)	Até (inclusive)
Un mot (facultatif)	A note (optional)	Un mensaje (opcional)	Uma palavra (opcional)
Déclarer l'absence	Report absence	Avisar de la ausencia	Declarar ausência
@placeholder Ex. : retour le lundi soir	e.g. back Monday evening	Ej.: vuelvo el lunes por la tarde	Ex.: volto segunda à noite
noté par le coach	noted by the coach	anotado por el coach	registado pelo coach
✅ Finalement je serai là	✅ I'll be there after all	✅ Al final sí estaré	✅ Afinal vou estar lá
✅ De retour	✅ I'm back	✅ He vuelto	✅ Estou de volta
📣 Prévenir le coach	📣 Let the coach know	📣 Avisar al coach	📣 Avisar o coach
Un souci pour la prochaine séance ou le prochain match, ou absent plusieurs jours : le coach est prévenu tout de suite.	A problem for the next session or match, or away for several days: the coach is told right away.	Un problema para la próxima sesión o el próximo partido, o ausente varios días: el coach se entera al momento.	Um problema para o próximo treino ou jogo, ou ausente vários dias: o coach é avisado logo.
✈️ Absent plusieurs jours	✈️ Away for several days	✈️ Ausente varios días	✈️ Ausente vários dias
Trop d'envois : réessaie plus tard.	Too many sends: try again later.	Demasiados envíos: inténtalo más tarde.	Demasiados envios: tenta mais tarde.
Pas envoyé, réessaie.	Not sent, try again.	No enviado, inténtalo de nuevo.	Não enviado, tenta outra vez.
📣 Le coach est prévenu	📣 The coach has been told	📣 El coach está avisado	📣 O coach foi avisado
✈️ Absence déclarée, le coach est prévenu	✈️ Absence reported, the coach has been told	✈️ Ausencia registrada, el coach está avisado	✈️ Ausência declarada, o coach foi avisado
✅ C'est noté, le coach est prévenu	✅ Got it, the coach has been told	✅ Anotado, el coach está avisado	✅ Registado, o coach foi avisado
Très facile	Very easy	Muy fácil	Muito fácil
Modéré	Moderate	Moderado	Moderado
Un peu dur	A bit hard	Algo duro	Um pouco duro
Dur +	Hard +	Duro +	Duro +
Très dur	Very hard	Muy duro	Muito duro
Très dur +	Very hard +	Muy duro +	Muito duro +
Épuisant	Exhausting	Agotador	Esgotante
Génial	Great	Genial	Fantástico
Très bon	Very good	Muy bien	Muito bom
Compliqué	Tough	Complicado	Complicado
hsl({0},70%,{1}%)	hsl({0},70%,{1}%)	hsl({0},70%,{1}%)	hsl({0},70%,{1}%)
Comment ça s'est passé pour {0} ? Réponds avec lui :	How did it go for {0}? Answer together:	¿Cómo le ha ido a {0}? Responded juntos:	Como correu para {0}? Respondam juntos:
Dis au coach comment ça s'est passé :	Tell the coach how it went:	Cuéntale al coach cómo ha ido:	Diz ao coach como correu:
1 = très facile · 10 = maximal	1 = very easy · 10 = max	1 = muy fácil · 10 = máximo	1 = muito fácil · 10 = máximo
L'effort : c'était dur ?	Effort: was it hard?	El esfuerzo: ¿ha sido duro?	O esforço: foi duro?
Tu as aimé ?	Did you enjoy it?	¿Te ha gustado?	Gostaste?
⭐ Ton étoile du match	⭐ Your player of the match	⭐ Tu estrella del partido	⭐ A tua estrela do jogo
Choisir un coéquipier…	Pick a teammate…	Elige a un compañero…	Escolhe um colega de equipa…
Ta note de ton match	Rate your match	Tu nota de tu partido	A tua nota do teu jogo
@placeholder Ton match en un mot	Your match in one word	Tu partido en una palabra	O teu jogo numa palavra
@placeholder L'équipe en un mot	The team in one word	El equipo en una palabra	A equipa numa palavra
⏳ Ta note de match s'ouvre 3 h après le coup d'envoi.	⏳ Your match rating opens 3 h after kick-off.	⏳ Tu nota del partido se abre 3 h después del saque inicial.	⏳ A tua nota do jogo abre 3 h depois do pontapé de saída.
💪 Après l'effort	💪 After the effort	💪 Después del esfuerzo	💪 Depois do esforço
{0}ça l'aide à doser les séances.	{0}it helps them plan the sessions.	{0}le ayuda a ajustar las sesiones.	{0}ajuda-o a dosear os treinos.
Touche d'abord une réponse	Tap an answer first	Toca primero una respuesta	Toca primeiro numa resposta
💪 Merci, le coach a ta réponse	💪 Thanks, the coach has your answer	💪 Gracias, el coach tiene tu respuesta	💪 Obrigado, o coach recebeu a tua resposta
La note de match s'ouvre 3 h après le coup d'envoi.	The match rating opens 3 h after kick-off.	La nota del partido se abre 3 h después del saque inicial.	A nota do jogo abre 3 h depois do pontapé de saída.
💪 Points forts	💪 Strengths	💪 Puntos fuertes	💪 Pontos fortes
🎯 À travailler	🎯 To work on	🎯 A mejorar	🎯 A trabalhar
🏁 Objectifs	🏁 Goals	🏁 Objetivos	🏁 Objetivos
💬 Ce que tu as dit	💬 What you said	💬 Lo que dijiste	💬 O que disseste
Les entretiens de	Reviews of	Las entrevistas de	As conversas de
Mes entretiens	My reviews	Mis entrevistas	As minhas conversas
@placeholder Ta réponse au coach	Your reply to the coach	Tu respuesta al coach	A tua resposta ao coach
💬 Ta réponse	💬 Your reply	💬 Tu respuesta	💬 A tua resposta
✏️ Modifier ma réponse	✏️ Edit my reply	✏️ Editar mi respuesta	✏️ Editar a minha resposta
💬 Répondre au coach	💬 Reply to the coach	💬 Responder al coach	💬 Responder ao coach
🗣️ {0} avec le coach	🗣️ {0} with the coach	🗣️ {0} con el coach	🗣️ {0} com o coach
💬 Réponse envoyée au coach	💬 Reply sent to the coach	💬 Respuesta enviada al coach	💬 Resposta enviada ao coach
&start=	&start=	&start=	&start=
?start=	?start=	?start=	?start=
Google Drive	Google Drive	Google Drive	Google Drive
translate({0}px,{1}px) scale({2})	translate({0}px,{1}px) scale({2})	translate({0}px,{1}px) scale({2})	translate({0}px,{1}px) scale({2})
✋ Déplacer	✋ Move	✋ Mover	✋ Mover
Zoom : deux doigts, double-tap ou ＋ / －. Zoomé : glisse un doigt pour te déplacer.	Zoom: two fingers, double-tap or ＋ / －. Zoomed in: drag one finger to move around.	Zoom: dos dedos, doble toque o ＋ / －. Con zoom: desliza un dedo para moverte.	Zoom: dois dedos, toque duplo ou ＋ / －. Com zoom: arrasta um dedo para te deslocares.
Zoom : ＋ / －, puis « ✋ Déplacer » pour bouger l'image (re-touche-le pour retrouver les commandes de la vidéo).	Zoom: ＋ / －, then « ✋ Move » to move the image (tap it again to get the video controls back).	Zoom: ＋ / －, luego « ✋ Mover » para mover la imagen (vuelve a tocarlo para recuperar los controles del vídeo).	Zoom: ＋ / －, depois « ✋ Mover » para mover a imagem (toca outra vez para voltares aos controlos do vídeo).
✕ Fermer	✕ Close	✕ Cerrar	✕ Fechar
@aria-label Dézoomer	Zoom out	Alejar	Diminuir zoom
@aria-label Zoomer	Zoom in	Acercar	Aumentar zoom
😕 Ce format de vidéo ne se lit pas dans le navigateur (souvent AVI, MPG ou WMV).	😕 This video format can't be played in the browser (often AVI, MPG or WMV).	😕 Este formato de vídeo no se puede reproducir en el navegador (a menudo AVI, MPG o WMV).	😕 Este formato de vídeo não é reproduzido no navegador (muitas vezes AVI, MPG ou WMV).
⬇️ Télécharger la vidéo	⬇️ Download the video	⬇️ Descargar el vídeo	⬇️ Descarregar o vídeo
Coach : mets plutôt la vidéo en MP4, ou sur YouTube (en « non répertoriée ») ou Google Drive.	Coach: better upload the video as MP4, or to YouTube (as « unlisted ») or Google Drive.	Coach: mejor pon el vídeo en MP4, o en YouTube (como « no listado ») o Google Drive.	Coach: põe antes o vídeo em MP4, ou no YouTube (como « não listado ») ou no Google Drive.
[data-{0}]	[data-{0}]	[data-{0}]	[data-{0}]
Gagné	Won	Ganado	Ganho
Tu es dispo ?	Are you available?	¿Estás disponible?	Estás disponível?
Je suis dispo	I'm available	Estoy disponible	Estou disponível
Le coach choisit les convoqués, puis t'envoie la convocation.	The coach picks the squad, then sends you the call-up.	El coach elige a los convocados y luego te envía la convocatoria.	O coach escolhe os convocados e depois envia-te a convocatória.
🏠 À domicile	🏠 Home	🏠 En casa	🏠 Em casa
🚌 À l'extérieur	🚌 Away	🚌 Fuera	🚌 Fora
Tu es convoqué 💪	You're called up 💪	Estás convocado 💪	Estás convocado 💪
Je suis présent	I'll be there	Estaré presente	Vou estar presente
🕘 Rendez-vous	🕘 Meeting time	🕘 Hora de encuentro	🕘 Hora de encontro
coup d'envoi	kick-off	saque inicial	pontapé de saída
🕘 Horaire à confirmer	🕘 Time to be confirmed	🕘 Horario por confirmar	🕘 Horário a confirmar
Système :	Formation:	Sistema:	Sistema:
▶ Voir la vidéo du coach	▶ Watch the coach's video	▶ Ver el vídeo del coach	▶ Ver o vídeo do coach
🗣️ Le mot du coach	🗣️ Coach's note	🗣️ El mensaje del coach	🗣️ A mensagem do coach
📅 Ajouter à mon agenda	📅 Add to my calendar	📅 Añadir a mi calendario	📅 Adicionar ao meu calendário
pas joué	didn't play	no jugó	não jogou
Toi :	You:	Tú:	Tu:
📣 Partager	📣 Share	📣 Compartir	📣 Partilhar
Ressenti général	Overall feeling	Sensación general	Sensação geral
Courbatures (10 = aucune)	Muscle soreness (10 = none)	Agujetas (10 = ninguna)	Dores musculares (10 = nenhumas)
💚 Merci, ton questionnaire du jour est envoyé.	💚 Thanks, today's questionnaire has been sent.	💚 Gracias, tu cuestionario del día se ha enviado.	💚 Obrigado, o teu questionário do dia foi enviado.
💚 Comment tu te sens aujourd'hui ?	💚 How are you feeling today?	💚 ¿Cómo te sientes hoy?	💚 Como te sentes hoje?
De 1 (très mal) à 10 (au top). Ton coach voit tes réponses.	From 1 (very bad) to 10 (great). Your coach sees your answers.	De 1 (muy mal) a 10 (genial). Tu coach ve tus respuestas.	De 1 (muito mal) a 10 (em grande). O teu coach vê as tuas respostas.
@placeholder Un mot pour le coach (douleur, fatigue…)	A note for the coach (pain, tiredness…)	Un mensaje para el coach (dolor, cansancio…)	Uma palavra para o coach (dor, cansaço…)
Réponds aux 5 questions	Answer the 5 questions	Responde a las 5 preguntas	Responde às 5 perguntas
Merci ! 💚	Thanks! 💚	¡Gracias! 💚	Obrigado! 💚
Réponds « Présent » pour voir la séance.	Answer « Present » to see the session.	Responde « Presente » para ver la sesión.	Responde « Presente » para ver o treino.
Le coach n'a pas encore détaillé la séance.	The coach hasn't detailed the session yet.	El coach aún no ha detallado la sesión.	O coach ainda não detalhou o treino.
Prépare ta tenue et tes crampons, et sois à l'heure 💪	Get your kit and boots ready, and be on time 💪	Prepara tu ropa y tus botas, y sé puntual 💪	Prepara o equipamento e as chuteiras, e sê pontual 💪
data-t="{0}"	data-t="{0}"	data-t="{0}"	data-t="{0}"
Entraînement	Training	Entrenamiento	Treino
📋 Voir la séance	📋 View the session	📋 Ver la sesión	📋 Ver o treino
(calculé)	(calculated)	(calculado)	(calculado)
Équipe	Team	Equipo	Equipa
Classements de ma catégorie	My age group's standings	Clasificaciones de mi categoría	Classificações do meu escalão
Le mot du coach ·	Coach's note ·	El mensaje del coach ·	A mensagem do coach ·
Conseil du coach	Coach's tip	Consejo del coach	Conselho do coach
🎬 Highlights des matchs	🎬 Match highlights	🎬 Resúmenes de los partidos	🎬 Resumos dos jogos
📺 Vidéos du coach	📺 Coach's videos	📺 Vídeos del coach	📺 Vídeos do coach
🎬 Vidéos	🎬 Videos	🎬 Vídeos	🎬 Vídeos
Les highlights des matchs et les vidéos envoyées par ton coach arriveront ici. Elles se lisent directement dans l'appli.	Match highlights and videos sent by your coach will show up here. They play right in the app.	Los resúmenes de los partidos y los vídeos que envíe tu coach aparecerán aquí. Se ven directamente en la app.	Os resumos dos jogos e os vídeos enviados pelo teu coach vão aparecer aqui. Veem-se diretamente na app.
Les autres dans l'onglet Vidéos.	The others are in the Videos tab.	Los demás, en la pestaña Vídeos.	Os outros estão no separador Vídeos.
🎬 Dernières vidéos	🎬 Latest videos	🎬 Últimos vídeos	🎬 Últimos vídeos
La vidéo du coach	The coach's video	El vídeo del coach	O vídeo do coach
Ton message au coach…	Your message to the coach…	Tu mensaje al coach…	A tua mensagem ao coach…
Une idée	An idea	Una idea	Uma ideia
Une nouveauté que tu aimerais dans l'appli…	Something new you'd like in the app…	Una novedad que te gustaría en la app…	Uma novidade que gostavas de ter na app…
Un bug	A bug	Un error	Um bug
Ce qui ne marche pas : où, quand, ce que tu as fait…	What's not working: where, when, what you did…	Lo que no funciona: dónde, cuándo, qué hiciste…	O que não funciona: onde, quando, o que fizeste…
💬 Une question, une idée pour l'appli, un bug ?	💬 A question, an idea for the app, a bug?	💬 ¿Una pregunta, una idea para la app, un error?	💬 Uma pergunta, uma ideia para a app, um bug?
Écrire au coach	Write to the coach	Escribir al coach	Escrever ao coach
✉️ Écrire au coach	✉️ Write to the coach	✉️ Escribir al coach	✉️ Escrever ao coach
Tes coachs reçoivent une notification. Ils te répondent à l'entraînement ou par téléphone.	Your coaches get a notification. They'll reply at training or by phone.	Tus coaches reciben una notificación. Te responden en el entrenamiento o por teléfono.	Os teus coaches recebem uma notificação. Respondem-te no treino ou por telefone.
Écris ton message	Write your message	Escribe tu mensaje	Escreve a tua mensagem
💡 Idée pour l'appli :	💡 App idea:	💡 Idea para la app:	💡 Ideia para a app:
🐞 Bug dans l'appli :	🐞 App bug:	🐞 Error en la app:	🐞 Bug na app:
Envoyé au coach ✓	Sent to the coach ✓	Enviado al coach ✓	Enviado ao coach ✓
corpulence normale	normal weight	peso normal	peso normal
obésité	obesity	obesidad	obesidade
IMC ·	BMI ·	IMC ·	IMC ·
IMC (auto)	BMI (auto)	IMC (auto)	IMC (auto)
Les deux	Both	Ambos	Ambos
🧍 Mon profil	🧍 My profile	🧍 Mi perfil	🧍 O meu perfil
Poids (kg)	Weight (kg)	Peso (kg)	Peso (kg)
Taille (cm)	Height (cm)	Altura (cm)	Altura (cm)
Pied fort	Stronger foot	Pie dominante	Pé dominante
💪 Mes points forts	💪 My strengths	💪 Mis puntos fuertes	💪 Os meus pontos fortes
🎯 Mes points à travailler	🎯 What I need to work on	🎯 Mis puntos a mejorar	🎯 Os meus pontos a trabalhar
Ton coach voit ton profil. L'IMC est indicatif (chez les jeunes, il se lit avec les courbes de croissance).	Your coach sees your profile. BMI is only a guide (for young players, read it with growth charts).	Tu coach ve tu perfil. El IMC es orientativo (en los jóvenes se interpreta con las curvas de crecimiento).	O teu coach vê o teu perfil. O IMC é indicativo (nos jovens, lê-se com as curvas de crescimento).
@placeholder 70	70	70	70
@placeholder 178	178	178	178
@placeholder Vitesse, jeu de tête, passes longues…	Speed, heading, long passes…	Velocidad, juego aéreo, pases largos…	Velocidade, jogo de cabeça, passes longos…
@placeholder Pied gauche, endurance, placement…	Left foot, stamina, positioning…	Pie izquierdo, resistencia, colocación…	Pé esquerdo, resistência, posicionamento…
Poids : entre 15 et 200 kg	Weight: between 15 and 200 kg	Peso: entre 15 y 200 kg	Peso: entre 15 e 200 kg
Taille : en centimètres (ex : 178)	Height: in centimetres (e.g. 178)	Altura: en centímetros (ej.: 178)	Altura: em centímetros (ex.: 178)
Profil enregistré ✓	Profile saved ✓	Perfil guardado ✓	Perfil guardado ✓
{0} · Espace joueur	{0} · Player area	{0} · Espacio jugador	{0} · Espaço do jogador
Séances	Sessions	Sesiones	Treinos
Entraînements et matchs à venir	Upcoming training and matches	Próximos entrenamientos y partidos	Próximos treinos e jogos
Entraînements et matchs	Training and matches	Entrenamientos y partidos	Treinos e jogos
Rien de prévu pour l'instant.	Nothing planned yet.	Nada previsto por ahora.	Nada previsto por agora.
Physique, technique ou tactique, seul ou à plusieurs, en plus des entraînements du club. Note tes footings (temps, distance) et envoie-les à ton coach si tu veux.	Physical, technical or tactical, alone or with others, on top of club training. Log your runs (time, distance) and send them to your coach if you like.	Física, técnica o táctica, solo o con otros, además de los entrenamientos del club. Anota tus carreras (tiempo, distancia) y envíalas a tu coach si quieres.	Físico, técnico ou tático, sozinho ou com outros, além dos treinos do clube. Regista as tuas corridas (tempo, distância) e envia-as ao teu coach se quiseres.
Créer ma séance · noter mes footings	Create my session · log my runs	Crear mi sesión · anotar mis carreras	Criar o meu treino · registar as minhas corridas
📣 Partager ma saison	📣 Share my season	📣 Compartir mi temporada	📣 Partilhar a minha época
présence aux séances ({1}/{2})	session attendance ({1}/{2})	asistencia a las sesiones ({1}/{2})	presença nos treinos ({1}/{2})
Matchs amicaux :	Friendlies:	Amistosos:	Jogos amigáveis:
joué{1},	played{1},	jugado{1},	jogado{1},
Ma saison	My season	Mi temporada	A minha época
matchs joués	matches played	partidos jugados	jogos disputados
temps de jeu	playing time	tiempo de juego	tempo de jogo
par match	per match	por partido	por jogo
passes déc.	assists	asist.	assist.
Résultats	Results	Resultados	Resultados
Ta saison s'affichera ici après tes premiers matchs.	Your season will show up here after your first matches.	Tu temporada aparecerá aquí después de tus primeros partidos.	A tua época vai aparecer aqui depois dos teus primeiros jogos.
Vidéos	Videos	Vídeos	Vídeos
Les coachs	Coaches	Los coaches	Os coaches
Les coachs de la catégorie ne sont pas encore indiqués.	This age group's coaches haven't been added yet.	Los coaches de la categoría aún no están indicados.	Os coaches do escalão ainda não foram indicados.
Réglages	Settings	Ajustes	Definições
Ajoute cette page à ton écran d'accueil (Partager → « Sur l'écran d'accueil »). Ton code est personnel : ne le donne à personne.	Add this page to your home screen (Share → « Add to Home Screen »). Your code is personal: don't give it to anyone.	Añade esta página a tu pantalla de inicio (Compartir → « Añadir a pantalla de inicio »). Tu código es personal: no se lo des a nadie.	Adiciona esta página ao teu ecrã principal (Partilhar → « Adicionar ao ecrã principal »). O teu código é pessoal: não o dês a ninguém.
Ce sont tes parents qui répondent, dans leur espace. Voici leurs réponses.	Your parents answer, in their own area. Here are their answers.	Son tus padres quienes responden, en su espacio. Aquí están sus respuestas.	São os teus pais que respondem, no espaço deles. Aqui estão as respostas deles.
Espace joueur	Player area	Espacio jugador	Espaço do jogador
Réessayer	Try again	Reintentar	Tentar novamente
Absent pour ce match	Absent for this match	Ausente en este partido	Ausente neste jogo
Absent à cet entraînement	Absent from this training	Ausente en este entrenamiento	Ausente neste treino
C'est noté : présent 💪	Got it: present 💪	Anotado: presente 💪	Registado: presente 💪
C'est noté : absent. Le coach voit la raison.	Got it: absent. The coach sees the reason.	Anotado: ausente. El coach ve el motivo.	Registado: ausente. O coach vê o motivo.
+ icsDate(m.date, start),	+ icsDate(m.date, start),	+ icsDate(m.date, start),	+ icsDate(m.date, start),
+ icsDate(m.date, end),	+ icsDate(m.date, end),	+ icsDate(m.date, end),	+ icsDate(m.date, end),
+ e2(`⚽ ${m.team || data.team} ${m.home ?	+ e2(`⚽ ${m.team || data.team} ${m.home ?	+ e2(`⚽ ${m.team || data.team} ${m.home ?	+ e2(`⚽ ${m.team || data.team} ${m.home ?
} ${m.opponent ||	} ${m.opponent ||	} ${m.opponent ||	} ${m.opponent ||
+ e2(m.place || (m.home ? (data.club && data.club.fieldName) ||	+ e2(m.place || (m.home ? (data.club && data.club.fieldName) ||	+ e2(m.place || (m.home ? (data.club && data.club.fieldName) ||	+ e2(m.place || (m.home ? (data.club && data.club.fieldName) ||
+ e2(`${m.rdv ?	+ e2(`${m.rdv ?	+ e2(`${m.rdv ?	+ e2(`${m.rdv ?
+ hh(m.rdv) :	+ hh(m.rdv) :	+ hh(m.rdv) :	+ hh(m.rdv) :
}${m.time ?	}${m.time ?	}${m.time ?	}${m.time ?
; document.body.appendChild(a); a.click(); a.remove(); return; } const wb = e.target.closest('[data-wb]'); if (wb) { wbVals[wb.dataset.wb] = +wb.dataset.v; document.querySelectorAll(	; document.body.appendChild(a); a.click(); a.remove(); return; } const wb = e.target.closest('[data-wb]'); if (wb) { wbVals[wb.dataset.wb] = +wb.dataset.v; document.querySelectorAll(	; document.body.appendChild(a); a.click(); a.remove(); return; } const wb = e.target.closest('[data-wb]'); if (wb) { wbVals[wb.dataset.wb] = +wb.dataset.v; document.querySelectorAll(	; document.body.appendChild(a); a.click(); a.remove(); return; } const wb = e.target.closest('[data-wb]'); if (wb) { wbVals[wb.dataset.wb] = +wb.dataset.v; document.querySelectorAll(
, tiles: [[my.mp, 'matchs joués'], [my.g, Sport.W().units || 'buts'], [my.a, 'passes déc.'], [my.min + "'", 'temps de jeu'], [my.mp ? Math.round(my.min / my.mp) + "'" : '0'', 'par match'], [lead && lead.players ? (Member.badgesOf(lead).split(' ').filter(Boolean).length) : 0, 'badges']], badges: Member.badgesOf(lead), tag: Share.tagOf(club) }), text:	, tiles: [[my.mp, 'matchs joués'], [my.g, Sport.W().units || 'buts'], [my.a, 'passes déc.'], [my.min + "'", 'temps de jeu'], [my.mp ? Math.round(my.min / my.mp) + "'" : '0'', 'par match'], [lead && lead.players ? (Member.badgesOf(lead).split(' ').filter(Boolean).length) : 0, 'badges']], badges: Member.badgesOf(lead), tag: Share.tagOf(club) }), text:	, tiles: [[my.mp, 'matchs joués'], [my.g, Sport.W().units || 'buts'], [my.a, 'passes déc.'], [my.min + "'", 'temps de jeu'], [my.mp ? Math.round(my.min / my.mp) + "'" : '0'', 'par match'], [lead && lead.players ? (Member.badgesOf(lead).split(' ').filter(Boolean).length) : 0, 'badges']], badges: Member.badgesOf(lead), tag: Share.tagOf(club) }), text:	, tiles: [[my.mp, 'matchs joués'], [my.g, Sport.W().units || 'buts'], [my.a, 'passes déc.'], [my.min + "'", 'temps de jeu'], [my.mp ? Math.round(my.min / my.mp) + "'" : '0'', 'par match'], [lead && lead.players ? (Member.badgesOf(lead).split(' ').filter(Boolean).length) : 0, 'badges']], badges: Member.badgesOf(lead), tag: Share.tagOf(club) }), text:
ton enfant	your child	tu hijo	o teu filho
Arbitre de touche	Assistant referee	Árbitro asistente	Árbitro assistente
Délégué	Match delegate	Delegado	Delegado
Table de marque / FMI	Scorer's table / FMI	Mesa / FMI	Mesa / FMI
Lavage des maillots	Washing the kits	Lavado de camisetas	Lavagem das camisolas
✓ Tu es inscrit	✓ You're signed up	✓ Estás apuntado	✓ Estás inscrito
personne pour l'instant	nobody yet	nadie por ahora	ninguém por agora
Me retirer	Withdraw	Retirarme	Retirar-me
Je m'inscris	Sign me up	Me apunto	Inscrevo-me
🙋 Coup de main	🙋 Lend a hand	🙋 Echar una mano	🙋 Dar uma ajuda
· le club a besoin de vous ce jour-là	· the club needs you that day	· el club os necesita ese día	· o clube precisa de vocês nesse dia
Ton prénom	Your first name	Tu nombre	O teu nome
Pour que le club sache qui vient aider.	So the club knows who's coming to help.	Para que el club sepa quién viene a ayudar.	Para o clube saber quem vem ajudar.
[data-m="{0}"] [data-vol="{1}"]	[data-m="{0}"] [data-vol="{1}"]	[data-m="{0}"] [data-vol="{1}"]	[data-m="{0}"] [data-vol="{1}"]
Tu es retiré.	You've withdrawn.	Te has retirado.	Retiraste-te.
Merci pour ton aide ! 🙏	Thanks for your help! 🙏	¡Gracias por tu ayuda! 🙏	Obrigado pela tua ajuda! 🙏
@raincy-coach	@raincy-coach	@raincy-coach	@raincy-coach
À domicile	Home	En casa	Em casa
À l'extérieur	Away	Fuera	Fora
· rendez-vous	· meeting time	· hora de encuentro	· hora de encontro
· coup d'envoi	· kick-off	· saque inicial	· pontapé de saída
PRODID:- } function download(text, name) { const a = document.createElement(	PRODID:- } function download(text, name) { const a = document.createElement(	PRODID:- } function download(text, name) { const a = document.createElement(	PRODID:- } function download(text, name) { const a = document.createElement(
); a.href = URL.createObjectURL(new Blob([text], { type:	); a.href = URL.createObjectURL(new Blob([text], { type:	); a.href = URL.createObjectURL(new Blob([text], { type:	); a.href = URL.createObjectURL(new Blob([text], { type:
)) { const id = el.dataset.photo, v = await photo(id); const now = document.querySelector(`[data-photo="${id}"]`); if (v && now) now.innerHTML = `	)) { const id = el.dataset.photo, v = await photo(id); const now = document.querySelector(`[data-photo="${id}"]`); if (v && now) now.innerHTML = `	)) { const id = el.dataset.photo, v = await photo(id); const now = document.querySelector(`[data-photo="${id}"]`); if (v && now) now.innerHTML = `	)) { const id = el.dataset.photo, v = await photo(id); const now = document.querySelector(`[data-photo="${id}"]`); if (v && now) now.innerHTML = `
`; } } function matchCard(m) { const club = (data.club && data.club.name) ||	`; } } function matchCard(m) { const club = (data.club && data.club.name) ||	`; } } function matchCard(m) { const club = (data.club && data.club.name) ||	`; } } function matchCard(m) { const club = (data.club && data.club.name) ||
@alt Photo du match	Match photo	Foto del partido	Foto do jogo
, us = `	, us = `	, us = `	, us = `
`, them = esc(m.opponent ||	`, them = esc(m.opponent ||	`, them = esc(m.opponent ||	`, them = esc(m.opponent ||
); if (m.exempt) return `	); if (m.exempt) return `	); if (m.exempt) return `	); if (m.exempt) return `
Exempt · pas de match	Bye · no match	Descansa · sin partido	Folga · sem jogo
`; const place = m.place || (m.home ? (data.club && data.club.fieldName) ||	`; const place = m.place || (m.home ? (data.club && data.club.fieldName) ||	`; const place = m.place || (m.home ? (data.club && data.club.fieldName) ||	`; const place = m.place || (m.home ? (data.club && data.club.fieldName) ||
), r = result(m); const seatSel = m.home ?	), r = result(m); const seatSel = m.home ?	), r = result(m); const seatSel = m.home ?	), r = result(m); const seatSel = m.home ?
@aria-label Places libres dans ma voiture	Free seats in my car	Plazas libres en mi coche	Lugares livres no meu carro
}>${n ? `🚗 ${n} place${n > 1 ?	}>${n ? `🚗 ${n} place${n > 1 ?	}>${n ? `🚗 ${n} place${n > 1 ?	}>${n ? `🚗 ${n} place${n > 1 ?
} libre${n > 1 ?	} libre${n > 1 ?	} libre${n > 1 ?	} libre${n > 1 ?
`).join(	`).join(	`).join(	`).join(
${m.home ?	${m.home ?	${m.home ?	${m.home ?
extérieur	away	fuera	fora
📣 Partager le résultat	📣 Share the result	📣 Compartir el resultado	📣 Partilhar o resultado
pas de réponse	no answer	sin respuesta	sem resposta
{0} est convoqué	{0} is called up	{0} está convocado	{0} está convocado
{0} est disponible ?	Is {0} available?	¿{0} está disponible?	{0} está disponível?
Le coach choisit les convoqués, puis envoie la convocation.	The coach picks the squad, then sends the call-up.	El coach elige a los convocados y luego envía la convocatoria.	O coach escolhe os convocados e depois envia a convocatória.
Photo…	Photo…	Foto…	Foto…
@aria-label Voir la photo	View photo	Ver la foto	Ver a foto
{1}{2} · {3}/{4} places	{1}{2} · {3}/{4} seats	{1}{2} · {3}/{4} plazas	{1}{2} · {3}/{4} lugares
; } function trRow(t) { return	; } function trRow(t) { return	; } function trRow(t) { return	; } function trRow(t) { return
tr tr-ans	tr tr-ans	tr tr-ans	tr tr-ans
; } function render() { const d = new Date(), now =	; } function render() { const d = new Date(), now =	; } function render() { const d = new Date(), now =	; } function render() { const d = new Date(), now =
; const club = (data.club && data.club.name) || 'Le club'; document.title =	; const club = (data.club && data.club.name) || 'Le club'; document.title =	; const club = (data.club && data.club.name) || 'Le club'; document.title =	; const club = (data.club && data.club.name) || 'Le club'; document.title =
; $('#club').textContent =	; $('#club').textContent =	; $('#club').textContent =	; $('#club').textContent =
📅 Ajouter tous les matchs à mon agenda	📅 Add all matches to my calendar	📅 Añadir todos los partidos a mi calendario	📅 Adicionar todos os jogos ao meu calendário
Pas de match prévu pour l'instant.	No match planned yet.	No hay partido previsto por ahora.	Nenhum jogo previsto por agora.
Prochains matchs	Upcoming matches	Próximos partidos	Próximos jogos
Bénévoles	Volunteers	Voluntarios	Voluntários
Coup de main les jours de match	Lend a hand on match days	Echa una mano los días de partido	Dá uma ajuda nos dias de jogo
Buvette, arbitre de touche, délégué, lavage des maillots… Inscris-toi en un geste.	Snack bar, assistant referee, match delegate, kit washing… Sign up in one tap.	Cantina, árbitro asistente, delegado, lavado de camisetas… Apúntate en un toque.	Bar, árbitro assistente, delegado, lavagem das camisolas… Inscreve-te num toque.
Pas de besoin de bénévoles pour les prochains matchs.	No volunteers needed for the upcoming matches.	No hacen falta voluntarios para los próximos partidos.	Não são precisos voluntários para os próximos jogos.
Pour {2} : physique, technique ou tactique, seul ou à plusieurs. Ses footings (temps, distance) et l'envoi au coach.	For {2}: physical, technical or tactical, alone or with others. Their runs (time, distance) and sending them to the coach.	Para {2}: física, técnica o táctica, solo o con otros. Sus carreras (tiempo, distancia) y el envío al coach.	Para {2}: físico, técnico ou tático, sozinho ou com outros. As suas corridas (tempo, distância) e o envio ao coach.
Derniers résultats	Latest results	Últimos resultados	Últimos resultados
Pas encore de résultat.	No results yet.	Aún no hay resultados.	Ainda sem resultados.
Ajoute cette page à ton écran d'accueil (Partager → « Sur l'écran d'accueil ») pour la retrouver. Le code de ton enfant est personnel : ne le donne à personne. Une question ? Écris au coach.	Add this page to your home screen (Share → « Add to Home Screen ») to find it again. Your child's code is personal: don't give it to anyone. A question? Write to the coach.	Añade esta página a tu pantalla de inicio (Compartir → « Añadir a pantalla de inicio ») para encontrarla. El código de tu hijo es personal: no se lo des a nadie. ¿Alguna pregunta? Escribe al coach.	Adiciona esta página ao teu ecrã principal (Partilhar → « Adicionar ao ecrã principal ») para a encontrares. O código do teu filho é pessoal: não o dês a ninguém. Uma pergunta? Escreve ao coach.
, { p_code: code, p_data: d }) }); if (typeof Consent !==	, { p_code: code, p_data: d }) }); if (typeof Consent !==	, { p_code: code, p_data: d }) }); if (typeof Consent !==	, { p_code: code, p_data: d }) }); if (typeof Consent !==
)) Consent.mount($(	)) Consent.mount($(	)) Consent.mount($(	)) Consent.mount($(
, { p_code: code, p_data: d }) }); if (typeof Chat !==	, { p_code: code, p_data: d }) }); if (typeof Chat !==	, { p_code: code, p_data: d }) }); if (typeof Chat !==	, { p_code: code, p_data: d }) }); if (typeof Chat !==
) Chat.mount($(	) Chat.mount($(	) Chat.mount($(	) Chat.mount($(
), { key:	), { key:	), { key:	), { key:
+ code, kind:	+ code, kind:	+ code, kind:	+ code, kind:
, { p_code: code, p_cat: c, p_after: after || 0, p_room:	, { p_code: code, p_cat: c, p_after: after || 0, p_room:	, { p_code: code, p_cat: c, p_after: after || 0, p_room:	, { p_code: code, p_cat: c, p_after: after || 0, p_room:
, { p_code: code }); if (tok !== loadTok) return; if (!Member.family(d)) { Member.remember(code, d); location.replace(	, { p_code: code }); if (tok !== loadTok) return; if (!Member.family(d)) { Member.remember(code, d); location.replace(	, { p_code: code }); if (tok !== loadTok) return; if (!Member.family(d)) { Member.remember(code, d); location.replace(	, { p_code: code }); if (tok !== loadTok) return; if (!Member.family(d)) { Member.remember(code, d); location.replace(
) { Member.forget(code); location.replace(	) { Member.forget(code); location.replace(	) { Member.forget(code); location.replace(	) { Member.forget(code); location.replace(
); return; } if (quiet && data) return; $(	); return; } if (quiet && data) return; $(	); return; } if (quiet && data) return; $(	); return; } if (quiet && data) return; $(
).textContent =	).textContent =	).textContent =	).textContent =
).innerHTML = `	).innerHTML = `	).innerHTML = `	).innerHTML = `
`; const a = $(	`; const a = $(	`; const a = $(	`; const a = $(
) { if (answering.has(matchId)) return; answering.add(matchId); try { await answer2(matchId, status, seats, kind); } finally { answering.delete(matchId); } } async function answer2(matchId, status, seats, kind) { const m = (kind ===	) { if (answering.has(matchId)) return; answering.add(matchId); try { await answer2(matchId, status, seats, kind); } finally { answering.delete(matchId); } } async function answer2(matchId, status, seats, kind) { const m = (kind ===	) { if (answering.has(matchId)) return; answering.add(matchId); try { await answer2(matchId, status, seats, kind); } finally { answering.delete(matchId); } } async function answer2(matchId, status, seats, kind) { const m = (kind ===	) { if (answering.has(matchId)) return; answering.add(matchId); try { await answer2(matchId, status, seats, kind); } finally { answering.delete(matchId); } } async function answer2(matchId, status, seats, kind) { const m = (kind ===
; if (status ===	; if (status ===	; if (status ===	; if (status ===
) { reason = await Member.askReason(`${kid()} sera absent${kind ===	) { reason = await Member.askReason(`${kid()} sera absent${kind ===	) { reason = await Member.askReason(`${kid()} sera absent${kind ===	) { reason = await Member.askReason(`${kid()} sera absent${kind ===
}`); if (reason == null) return; } const before = { answer: m.answer, seats: m.seats, reason: m.reason }; Object.assign(m, { answer: status, seats: seats || 0, reason }); render(); loadPhotos(); try { await Member.reply(code, kind, matchId, status, seats || 0, reason); toast(status ===	}`); if (reason == null) return; } const before = { answer: m.answer, seats: m.seats, reason: m.reason }; Object.assign(m, { answer: status, seats: seats || 0, reason }); render(); loadPhotos(); try { await Member.reply(code, kind, matchId, status, seats || 0, reason); toast(status ===	}`); if (reason == null) return; } const before = { answer: m.answer, seats: m.seats, reason: m.reason }; Object.assign(m, { answer: status, seats: seats || 0, reason }); render(); loadPhotos(); try { await Member.reply(code, kind, matchId, status, seats || 0, reason); toast(status ===	}`); if (reason == null) return; } const before = { answer: m.answer, seats: m.seats, reason: m.reason }; Object.assign(m, { answer: status, seats: seats || 0, reason }); render(); loadPhotos(); try { await Member.reply(code, kind, matchId, status, seats || 0, reason); toast(status ===
? `Merci ! ${kid()} est noté présent.` : `Merci ! ${kid()} est noté absent. Le coach voit la raison.`); } catch (e) { Object.assign(m, before); render(); toast(e.message, true); } } document.addEventListener(	? `Merci ! ${kid()} est noté présent.` : `Merci ! ${kid()} est noté absent. Le coach voit la raison.`); } catch (e) { Object.assign(m, before); render(); toast(e.message, true); } } document.addEventListener(	? `Merci ! ${kid()} est noté présent.` : `Merci ! ${kid()} est noté absent. Le coach voit la raison.`); } catch (e) { Object.assign(m, before); render(); toast(e.message, true); } } document.addEventListener(	? `Merci ! ${kid()} est noté présent.` : `Merci ! ${kid()} est noté absent. Le coach voit la raison.`); } catch (e) { Object.assign(m, before); render(); toast(e.message, true); } } document.addEventListener(
)) return Perso.open({ key:	)) return Perso.open({ key:	)) return Perso.open({ key:	)) return Perso.open({ key:
, { p_code: code, p_body: text, p_parent: true }) }); const c = e.target.closest(	, { p_code: code, p_body: text, p_parent: true }) }); const c = e.target.closest(	, { p_code: code, p_body: text, p_parent: true }) }); const c = e.target.closest(	, { p_code: code, p_body: text, p_parent: true }) }); const c = e.target.closest(
); if (ph) { e.preventDefault(); const v = $(	); if (ph) { e.preventDefault(); const v = $(	); if (ph) { e.preventDefault(); const v = $(	); if (ph) { e.preventDefault(); const v = $(
); v.innerHTML =	); v.innerHTML =	); v.innerHTML =	); v.innerHTML =
Touche pour fermer	Tap to close	Toca para cerrar	Toca para fechar
; }); return; } if (e.target.closest(	; }); return; } if (e.target.closest(	; }); return; } if (e.target.closest(	; }); return; } if (e.target.closest(
).hidden = true; return; } const shm = e.target.closest(	).hidden = true; return; } const shm = e.target.closest(	).hidden = true; return; } const shm = e.target.closest(	).hidden = true; return; } const shm = e.target.closest(
, { p_code: code, p_on: oo.dataset.optout ===	, { p_code: code, p_on: oo.dataset.optout ===	, { p_code: code, p_on: oo.dataset.optout ===	, { p_code: code, p_on: oo.dataset.optout ===
}); lead = await rpc(	}); lead = await rpc(	}); lead = await rpc(	}); lead = await rpc(
, { p_code: code }); render(); toast(oo.dataset.optout ===	, { p_code: code }); render(); toast(oo.dataset.optout ===	, { p_code: code }); render(); toast(oo.dataset.optout ===	, { p_code: code }); render(); toast(oo.dataset.optout ===
? `${kid()} n	? `${kid()} n	? `${kid()} n	? `${kid()} n
But pour nous	Goal for us	Gol nuestro	Golo nosso
But encaissé	Goal conceded	Gol encajado	Golo sofrido
Occasion adverse	Opponent chance	Ocasión rival	Oportunidade adversária
Arrêt du gardien	Goalkeeper save	Parada del portero	Defesa do guarda-redes
Poteau / barre	Post / bar	Poste / larguero	Poste / barra
Carton jaune	Yellow card	Tarjeta amarilla	Cartão amarelo
Note pour le coach	Note for the coach	Nota para el coach	Nota para o coach
👍 Ballon pour nous	👍 Our ball	👍 Balón para nosotros	👍 Bola para nós
👎 Ballon pour eux	👎 Their ball	👎 Balón para ellos	👎 Bola para eles
⏸️ Possession arrêtée	⏸️ Possession stopped	⏸️ Posesión detenida	⏸️ Posse de bola parada
, passe de	, assist from	, asistencia de	, assistência de
📲 Aide au match	📲 Match helper	📲 Ayuda en el partido	📲 Ajuda no jogo
Le coach t'a donné un code de match (ou un lien) : tu notes le match pour lui depuis ton téléphone.	The coach gave you a match code (or a link): you log the match for them from your phone.	El coach te ha dado un código de partido (o un enlace): anotas el partido por él desde tu móvil.	O coach deu-te um código de jogo (ou um link): registas o jogo por ele a partir do teu telemóvel.
Code du match	Match code	Código del partido	Código do jogo
Ton prénom (le coach saura qui note)	Your first name (so the coach knows who's logging)	Tu nombre (el coach sabrá quién anota)	O teu nome (o coach vai saber quem regista)
Ouvrir le match	Open the match	Abrir el partido	Abrir o jogo
@placeholder M…	M…	M…	M…
@placeholder ex. Karim (papa de Yanis)	e.g. Karim (Yanis's dad)	ej. Karim (padre de Yanis)	ex. Karim (pai do Yanis)
Code inconnu ou expiré : demande-le au coach	Unknown or expired code: ask the coach for it	Código desconocido o caducado: pídeselo al coach	Código desconhecido ou expirado: pede-o ao coach
Le coach saura qui note le match.	The coach will know who's logging the match.	El coach sabrá quién anota el partido.	O coach vai saber quem regista o jogo.
C'est parti	Let's go	¡Vamos!	Vamos lá
{0} · aide au match	{0} · match helper	{0} · ayuda en el partido	{0} · ajuda no jogo
Match terminé	Full time	Partido terminado	Jogo terminado
En cours · score du coach	Live · coach's score	En curso · marcador del coach	A decorrer · resultado do coach
Pas encore commencé	Not started yet	Aún no ha empezado	Ainda não começou
{0} (facultatif)	{0} (optional)	{0} (opcional)	{0} (opcional)
Passe décisive (facultatif)	Assist (optional)	Asistencia (opcional)	Assistência (opcional)
Ta note pour le coach	Your note for the coach	Tu nota para el coach	A tua nota para o coach
Précision (facultatif)	Details (optional)	Detalles (opcional)	Detalhes (opcional)
Envoyé au coach	Sent to the coach	Enviado al coach	Enviado ao coach
⚽ Possession	⚽ Possession	⚽ Posesión	⚽ Posse de bola
👍 Nous	👍 Us	👍 Nosotros	👍 Nós
Eux 👎	Them 👎	Ellos 👎	Eles 👎
Touche quand le ballon change de camp ; retouche pour arrêter.	Tap when the ball changes sides; tap again to stop.	Toca cuando el balón cambie de equipo; vuelve a tocar para parar.	Toca quando a bola muda de equipa; toca outra vez para parar.
Tu notes pour	You're logging for	Anotas para	Estás a registar para
✅ Envoyé au coach	✅ Sent to the coach	✅ Enviado al coach	✅ Enviado ao coach
Trop d'envois d'un coup : attends un peu.	Too many sends at once: wait a moment.	Demasiados envíos a la vez: espera un poco.	Demasiados envios de uma vez: espera um pouco.
Clubbo · Joueurs	Clubbo · Players	Clubbo · Jugadores	Clubbo · Jogadores
Espace joueurs	Players' area	Espacio jugadores	Espaço dos jogadores
Chargement des informations de l'équipe…	Loading team info…	Cargando la información del equipo…	A carregar as informações da equipa…
Clubbo · créée par	Clubbo · created by	Clubbo · creada por	Clubbo · criada por
Coach Enzo	Coach Enzo	Coach Enzo	Coach Enzo
Clubbo · Parents	Clubbo · Parents	Clubbo · Padres	Clubbo · Pais
Espace parents	Parents' area	Espacio padres	Espaço dos pais
Clubbo · Mon espace	Clubbo · My area	Clubbo · Mi espacio	Clubbo · O meu espaço
Mon espace joueur · parents	My player area · parents	Mi espacio jugador · padres	O meu espaço de jogador · pais
🧢 Coach ou dirigeant ? Ouvrir l'appli des coachs	🧢 Coach or club official? Open the coaches' app	🧢 ¿Coach o directivo? Abrir la app de los coaches	🧢 Coach ou dirigente? Abrir a app dos coaches
Ouverture de ton espace…	Opening your area…	Abriendo tu espacio…	A abrir o teu espaço…
Clubbo · Aide au match	Clubbo · Match helper	Clubbo · Ayuda en el partido	Clubbo · Ajuda no jogo
Aide au match	Match helper	Ayuda en el partido	Ajuda no jogo
Bearer	Bearer	Bearer	Bearer
POST	POST	POST	POST
CODE	CODE	CODE	CODE
. Si le joueur a moins de 15 ans, je suis son parent et je donne mon accord.	. If the player is under 15, I am their parent and I give my consent.	. Si el jugador tiene menos de 15 años, soy su padre o madre y doy mi consentimiento.	. Se o jogador tiver menos de 15 anos, sou o seu pai ou mãe e dou o meu consentimento.
Entrer	Enter	Entrar	Entrar
parents	parents	padres	pais
joueur	player	jugador	jogador
Notification	Notification	Notificación	Notificação
file:	file:	file:	file:
Touche	Tap	Toca	Toca
Choisis	Choose	Elige	Escolhe
Partager	Share	Compartir	Partilhar
Safari	Safari	Safari	Safari
Fermer	Close	Cerrar	Fechar
fr-FR	fr-FR	fr-FR	fr-FR
Exercice	Drill	Ejercicio	Exercício
Fichier	File	Archivo	Ficheiro
Document	Document	Documento	Documento
document.pdf	document.pdf	document.pdf	document.pdf
Conseil	Tip	Consejo	Dica
display:flex;gap:10px;align-items:center;justify-content:space-between;flex-wrap:wrap;background:#c9a45c;color:#14172b;padding:10px 16px;font-weight:700	display:flex;gap:10px;align-items:center;justify-content:space-between;flex-wrap:wrap;background:#c9a45c;color:#14172b;padding:10px 16px;font-weight:700	display:flex;gap:10px;align-items:center;justify-content:space-between;flex-wrap:wrap;background:#c9a45c;color:#14172b;padding:10px 16px;font-weight:700	display:flex;gap:10px;align-items:center;justify-content:space-between;flex-wrap:wrap;background:#c9a45c;color:#14172b;padding:10px 16px;font-weight:700
header.top	header.top	header.top	header.top
Coupe	Cup	Copa	Taça
Amical	Friendly	Amistoso	Amigável
Plateau	Mini-tournament	Minitorneo	Minitorneio
Tournoi	Tournament	Torneo	Torneio
Championnat	League	Liga	Campeonato
oui	yes	sí	sim
non	no	no	não
Dispo	Available	Disponible	Disponível
Absent	Absent	Ausente	Ausente
coach	coach	entrenador	treinador
Envoyer	Send	Enviar	Enviar
Malade	Sick	Enfermo	Doente
Blessure	Injury	Lesión	Lesão
Vacances	Holidays	Vacaciones	Férias
Travail	Work	Trabajo	Trabalho
Famille	Family	Familia	Família
Perso	Personal	Personal	Pessoal
Autre	Other	Otro	Outro
Annuler	Cancel	Cancelar	Cancelar
Valider	Confirm	Confirmar	Confirmar
match	match	partido	jogo
Toi	You	Tú	Tu
but	goal	gol	golo
Chrono	Stopwatch	Cronómetro	Cronómetro
Plots	Cones	Conos	Cones
Tapis	Mat	Esterilla	Tapete
Gainage	Core work	Core	Core
Papier	Paper	Papel	Papel
Ballon	Ball	Balón	Bola
Tennis-ballon	Football tennis	Futtenis	Futeténis
👟 Footings de {0} (7 derniers jours) : {1} sortie{2}, {3} min, {4} km	👟 {0}'s runs (last 7 days): {1} run{2}, {3} min, {4} km	👟 Carreras de {0} (últimos 7 días): {1} salida{2}, {3} min, {4} km	👟 Corridas de {0} (últimos 7 dias): {1} corrida{2}, {3} min, {4} km
Date	Date	Fecha	Data
Ressenti	Feeling	Sensación	Sensação
Ajouter	Add	Añadir	Adicionar
PSG	PSG	PSG	PSG
OM	OM	OM	OM
OL	OL	OL	OL
LOSC	LOSC	LOSC	LOSC
Liverpool	Liverpool	Liverpool	Liverpool
Arsenal	Arsenal	Arsenal	Arsenal
Chelsea	Chelsea	Chelsea	Chelsea
Juventus	Juventus	Juventus	Juventus
Naples	Napoli	Nápoles	Nápoles
Benfica	Benfica	Benfica	Benfica
Porto	Porto	Porto	Porto
Ajax	Ajax	Ajax	Ajax
2-digit	2-digit	2-digit	2-digit
. Les pronos des autres apparaissent au coup d'envoi. Le dernier de la semaine a un gage à la séance suivante 😈	. Others' predictions show up at kick-off. Last place of the week gets a forfeit at the next session 😈	. Los pronósticos de los demás aparecen en el saque inicial. El último de la semana tiene una prenda en la siguiente sesión 😈	. Os prognósticos dos outros aparecem no pontapé de saída. O último da semana tem um castigo na sessão seguinte 😈
OK	OK	OK	OK
Hier	Yesterday	Ayer	Ontem
NFD	NFD	NFD	NFD
Masquer	Hide	Ocultar	Ocultar
Rouvrir	Reopen	Reabrir	Reabrir
PHOTO	PHOTO	FOTO	FOTO
moi	me	yo	eu
COACH	COACH	ENTRENADOR	TREINADOR
Modification	Edit	Edición	Edição
@placeholder Message	Message	Mensaje	Mensagem
@aria-label Message	Message	Mensaje	Mensagem
@aria-label Envoyer	Send	Enviar	Enviar
Chat	Chat	Chat	Chat
Sondages	Polls	Encuestas	Sondagens
position:fixed;top:0;left:0;width:1px;height:0;padding-top:env(safe-area-inset-top);visibility:hidden;pointer-events:none	position:fixed;top:0;left:0;width:1px;height:0;padding-top:env(safe-area-inset-top);visibility:hidden;pointer-events:none	position:fixed;top:0;left:0;width:1px;height:0;padding-top:env(safe-area-inset-top);visibility:hidden;pointer-events:none	position:fixed;top:0;left:0;width:1px;height:0;padding-top:env(safe-area-inset-top);visibility:hidden;pointer-events:none
✏️ Message modifié	✏️ Message edited	✏️ Mensaje editado	✏️ Mensagem editada
Moi	Me	Yo	Eu
Écris ta question.	Write your question.	Escribe tu pregunta.	Escreve a tua pergunta.
Il faut au moins 2 réponses.	You need at least 2 answers.	Se necesitan al menos 2 respuestas.	São precisas pelo menos 2 respostas.
📊 Sondage envoyé à la catégorie !	📊 Poll sent to the age group!	📊 ¡Encuesta enviada a la categoría!	📊 Sondagem enviada ao escalão!
Enter	Enter	Enter	Enter
(pointer:fine)	(pointer:fine)	(pointer:fine)	(pointer:fine)
🔇 Parents en sourdine : ils lisent, seuls les coachs écrivent.	🔇 Parents muted: they can read, only coaches can write.	🔇 Padres silenciados: pueden leer, solo los entrenadores escriben.	🔇 Pais silenciados: podem ler, só os treinadores escrevem.
🔊 Les parents peuvent de nouveau écrire.	🔊 Parents can write again.	🔊 Los padres pueden volver a escribir.	🔊 Os pais podem voltar a escrever.
🔒 Chat fermé : les joueurs peuvent lire, plus écrire.	🔒 Chat closed: players can read but no longer write.	🔒 Chat cerrado: los jugadores pueden leer, pero ya no escribir.	🔒 Chat fechado: os jogadores podem ler, mas já não escrever.
🔓 Chat rouvert.	🔓 Chat reopened.	🔓 Chat reabierto.	🔓 Chat reaberto.
📌 Épinglé en haut du chat.	📌 Pinned to the top of the chat.	📌 Fijado arriba en el chat.	📌 Fixado no topo do chat.
Message désépinglé.	Message unpinned.	Mensaje desfijado.	Mensagem desafixada.
📷 Les joueurs peuvent envoyer des photos.	📷 Players can send photos.	📷 Los jugadores pueden enviar fotos.	📷 Os jogadores podem enviar fotos.
📷 Photos réservées aux coachs.	📷 Photos for coaches only.	📷 Fotos solo para entrenadores.	📷 Fotos reservadas aos treinadores.
🚩 Merci, les coachs sont prévenus.	🚩 Thanks, the coaches have been notified.	🚩 Gracias, los entrenadores han sido avisados.	🚩 Obrigado, os treinadores foram avisados.
🔕 Plus de notifications du chat sur tes téléphones.	🔕 No more chat notifications on your phones.	🔕 Ya no recibirás notificaciones del chat en tus teléfonos.	🔕 Sem mais notificações do chat nos teus telemóveis.
🔔 Les notifications du chat sont remises.	🔔 Chat notifications are back on.	🔔 Las notificaciones del chat vuelven a estar activas.	🔔 As notificações do chat foram reativadas.
VICTOIRE	WIN	VICTORIA	VITÓRIA
Saison	Season	Temporada	Época
WhatsApp	WhatsApp	WhatsApp	WhatsApp
Facebook	Facebook	Facebook	Facebook
Telegram	Telegram	Telegram	Telegram
SMS	SMS	SMS	SMS
E-mail	Email	Correo	E-mail
Nez	Nose	Nariz	Nariz
Arcade	Eyebrow	Ceja	Sobrancelha
Torticolis	Stiff neck	Tortícolis	Torcicolo
Cervicales	Neck (cervical)	Cervicales	Cervicais
Clavicule	Collarbone	Clavícula	Clavícula
Acromio-claviculaire	AC joint	Acromioclavicular	Acromioclavicular
Coude	Elbow	Codo	Cotovelo
Avant-bras	Forearm	Antebrazo	Antebraço
Biceps	Biceps	Bíceps	Bíceps
Triceps	Triceps	Tríceps	Tríceps
Doigt	Finger	Dedo	Dedo
Pouce	Thumb	Pulgar	Polegar
Main	Hand	Mano	Mão
Pectoraux	Chest	Pectorales	Peitorais
Sternum	Sternum	Esternón	Esterno
Omoplate	Shoulder blade	Omóplato	Omoplata
Abdominaux	Abs	Abdominales	Abdominais
Obliques	Obliques	Oblicuos	Oblíquos
Lumbago	Lumbago	Lumbago	Lumbago
Pubalgie	Groin pain	Pubalgia	Pubalgia
Hanche	Hip	Cadera	Anca
Fessier	Glutes	Glúteos	Glúteos
Sciatique	Sciatica	Ciática	Ciática
Cuisse	Thigh	Muslo	Coxa
Genou	Knee	Rodilla	Joelho
Mollet	Calf	Gemelo	Gémeo
Crampe	Cramp	Calambre	Cãibra
Pied	Foot	Pie	Pé
Orteil	Toe	Dedo del pie	Dedo do pé
Talon	Heel	Talón	Calcanhar
Dorsales	Upper back	Dorsales	Dorsais
Lombaires	Lower back	Lumbares	Lombares
Pyramidal	Piriformis	Piramidal	Piriforme
Ischio-jambiers	Hamstrings	Isquiotibiales	Isquiotibiais
Entorse	Sprain	Esguince	Entorse
Contracture	Muscle tightness	Contractura	Contratura
Tendinite	Tendinitis	Tendinitis	Tendinite
Fracture	Fracture	Fractura	Fratura
Luxation	Dislocation	Luxación	Luxação
Douleur	Pain	Dolor	Dor
contre	vs	contra	contra
chez	at	en	em
du	from	del	de
Allergies	Allergies	Alergias	Alergias
Traitements	Treatments	Tratamientos	Tratamentos
Appareillages	Medical devices	Aparatos	Aparelhos
Enregistrer	Save	Guardar	Guardar
Parent	Parent	Padre/Madre	Pai/Mãe
Retour	Back	Volver	Voltar
Transport	Transport	Transporte	Transporte
Oui	Yes	Sí	Sim
Non	No	No	Não
Joueur	Player	Jugador	Jogador
Examens	Medical tests	Pruebas	Exames
Pour	For	Para	Para
Du	From	Del	De
Suspendu	Suspended	Sancionado	Suspenso
au	to	al	a
Facile	Easy	Fácil	Fácil
Dur	Hard	Duro	Duro
Maximal	Max	Máximo	Máximo
Bof	Meh	Regular	Assim-assim
Bien	Good	Bien	Bem
Exceptionnel	Outstanding	Excepcional	Excecional
Bon	Good	Bueno	Bom
Correct	Fair	Correcto	Razoável
Moyen	Average	Regular	Médio
Difficile	Tough	Difícil	Difícil
YouTube	YouTube	YouTube	YouTube
Vimeo	Vimeo	Vimeo	Vimeo
Escape	Escape	Escape	Escape
Perdu	Lost	Derrota	Derrota
Nul	Draw	Empate	Empate
Mental	Mental	Mental	Mental
Sommeil	Sleep	Sueño	Sono
Jambes	Legs	Piernas	Pernas
Pts	Pts	Pts	Pts
Diff	GD	DG	DG
. Tu peux être appelé dans chacune de ces équipes.	. You can be called up to any of these teams.	. Puedes ser convocado en cualquiera de estos equipos.	. Podes ser convocado para qualquer uma destas equipas.
Message	Message	Mensaje	Mensagem
Droit	Right	Derecho	Direito
Gauche	Left	Izquierdo	Esquerdo
joueurs	players	jugadores	jogadores
matchs	matches	partidos	jogos
Accueil	Home	Inicio	Início
saison	season	temporada	época
buts	goals	goles	golos
pronos	predictions	pronósticos	prognósticos
Pronos	Predictions	Pronósticos	Prognósticos
coachs	coaches	entrenadores	treinadores
Coach	Coach	Entrenador	Treinador
Match	Match	Partido	Jogo
//Joueurs//FR	//Joueurs//FR	//Joueurs//FR	//Joueurs//FR
Rendez-vous	Meeting point	Punto de encuentro	Ponto de encontro
un joueur	a player	un jugador	um jogador
match-{0}.ics	match-{0}.ics	match-{0}.ics	match-{0}.ics
Partager ma saison	Share my season	Compartir mi temporada	Partilhar a minha época
Tu n'apparais plus dans les classements.	You no longer appear in the rankings.	Ya no apareces en las clasificaciones.	Já não apareces nas classificações.
Tu apparais dans les classements.	You appear in the rankings.	Apareces en las clasificaciones.	Apareces nas classificações.
Buvette	Snack bar	Cantina	Bar
//Parents//FR	//Parents//FR	//Parents//FR	//Parents//FR
🚗 pas de place	🚗 no seats	🚗 sin plazas	🚗 sem lugares
Voiture	Car	Coche	Carro
{0} · {1} · Parents	{0} · {1} · Parents	{0} · {1} · Padres	{0} · {1} · Pais
{0} · Espace parents	{0} · Parents' area	{0} · Espacio de padres	{0} · Espaço dos pais
Matchs	Matches	Partidos	Jogos
Coachs	Coaches	Entrenadores	Treinadores
Ce que les coachs doivent savoir sur {0} et qui appeler s'il arrive quelque chose (allergies, traitements, conduite à tenir…). Seuls les coachs la voient.	What the coaches need to know about {0} and who to call if something happens (allergies, treatments, what to do…). Only coaches can see it.	Lo que los entrenadores deben saber sobre {0} y a quién llamar si pasa algo (alergias, tratamientos, qué hacer…). Solo los entrenadores lo ven.	O que os treinadores devem saber sobre {0} e a quem ligar se acontecer alguma coisa (alergias, tratamentos, o que fazer…). Só os treinadores a veem.
Les autorisations pour {0}, à la place du papier. Tu peux changer une réponse quand tu veux ; le club voit qui a répondu et quand.	Permissions for {0}, instead of paper forms. You can change an answer anytime; the club sees who answered and when.	Las autorizaciones de {0}, en lugar del papel. Puedes cambiar una respuesta cuando quieras; el club ve quién respondió y cuándo.	As autorizações de {0}, em vez do papel. Podes mudar uma resposta quando quiseres; o clube vê quem respondeu e quando.
👪 Le chat des parents de la catégorie, avec les coachs. Les coachs peuvent mettre les parents en sourdine.	👪 The age group's parents chat, with the coaches. Coaches can mute parents.	👪 El chat de padres de la categoría, con los entrenadores. Los entrenadores pueden silenciar a los padres.	👪 O chat dos pais do escalão, com os treinadores. Os treinadores podem silenciar os pais.
pour ce match	for this match	para este partido	para este jogo
à cet entraînement	for this training session	para este entrenamiento	para este treino
Merci ! {0} est noté présent.	Thanks! {0} is marked present.	¡Gracias! {0} está marcado como presente.	Obrigado! {0} está marcado como presente.
Merci ! {0} est noté absent. Le coach voit la raison.	Thanks! {0} is marked absent. The coach can see the reason.	¡Gracias! {0} está marcado como ausente. El entrenador ve el motivo.	Obrigado! {0} está marcado como ausente. O treinador vê o motivo.
matchs-{0}.ics	matchs-{0}.ics	matchs-{0}.ics	matchs-{0}.ics
Chargement de la photo…	Loading photo…	Cargando foto…	A carregar a foto…
Photo indisponible. Touche pour fermer	Photo unavailable. Tap to close	Foto no disponible. Toca para cerrar	Foto indisponível. Toca para fechar
{0} n'apparaît plus dans les classements.	{0} no longer appears in the rankings.	{0} ya no aparece en las clasificaciones.	{0} já não aparece nas classificações.
{0} apparaît dans les classements.	{0} appears in the rankings.	{0} aparece en las clasificaciones.	{0} aparece nas classificações.
poss:	poss:	poss:	poss:
Occasion	Chance	Ocasión	Oportunidade
Aide	Help	Ayuda	Ajuda
Clubbo	Clubbo	Clubbo	Clubbo
Nous	Us	Nosotros	Nós
Eux	Them	Ellos	Eles
Buteur	Scorer	Goleador	Marcador
{0} badges sur {1} cette saison.	{0} badges out of {1} this season.	{0} insignias de {1} esta temporada.	{0} medalhas de {1} esta época.
{0} badge sur {1} cette saison.	{0} badge out of {1} this season.	{0} insignia de {1} esta temporada.	{0} medalha de {1} esta época.
🏅 Les badges de {0}	🏅 {0}'s badges	🏅 Las insignias de {0}	🏅 As medalhas de {0}
🗣️ Les entretiens de {0} avec le coach	🗣️ {0}'s talks with the coach	🗣️ Las charlas de {0} con el entrenador	🗣️ As conversas de {0} com o treinador
{0} s'est blessé ?	{0} got injured?	¿{0} se ha lesionado?	{0} lesionou-se?
Matchs officiels (championnat, coupe).	Official matches (league, cup).	Partidos oficiales (liga, copa).	Jogos oficiais (campeonato, taça).
{0} match	{0} match	{0} partido	{0} jogo
{0} matchs	{0} matches	{0} partidos	{0} jogos
{0} entraînement	{0} session	{0} entrenamiento	{0} treino
{0} entraînements	{0} sessions	{0} entrenamientos	{0} treinos
Semaine du {0}	Week of {0}	Semana del {0}	Semana de {0}
{0} s'est blessé	{0} got injured	{0} se ha lesionado	{0} lesionou-se
🏆 Classements {0}	🏆 Standings {0}	🏆 Clasificaciones {0}	🏆 Classificações {0}
Résultats de la semaine du {0}	Results for the week of {0}	Resultados de la semana del {0}	Resultados da semana de {0}
Ligue des champions · {0}	Champions League · {0}	Liga de Campeones · {0}	Liga dos Campeões · {0}
· retour prévu le {0}	· expected back {0}	· vuelta prevista el {0}	· regresso previsto a {0}
depuis le {0}	since {0}	desde el {0}	desde {0}
Blessure {0}	Injury {0}	Lesión {0}	Lesão {0}
Envoyer au coach{0}	Send to the coach{0}	Enviar al entrenador{0}	Enviar ao treinador{0}
Mise à jour le {0}{1}	Updated on {0}{1}	Actualizada el {0}{1}	Atualizada a {0}{1}
🚑 Fiche urgence	🚑 Emergency form	🚑 Ficha de urgencia	🚑 Ficha de urgência
🚑 Fiche urgence{0}	🚑 Emergency form{0}	🚑 Ficha de urgencia{0}	🚑 Ficha de urgência{0}
✍️ Autorisations	✍️ Permissions	✍️ Autorizaciones	✍️ Autorizações
✍️ Autorisations {0}	✍️ Permissions {0}	✍️ Autorizaciones {0}	✍️ Autorizações {0}
Raison : {0}	Reason: {0}	Motivo: {0}	Motivo: {0}
Absent · {0}	Absent · {0}	Ausente · {0}	Ausente · {0}
📅 Derniers résultats · {0}	📅 Latest results · {0}	📅 Últimos resultados · {0}	📅 Últimos resultados · {0}
🗓️ Prochaine journée · {0}	🗓️ Next matchday · {0}	🗓️ Próxima jornada · {0}	🗓️ Próxima jornada · {0}
Résultats officiels de la FFF{0}	Official FFF results{0}	Resultados oficiales de la FFF{0}	Resultados oficiais da FFF{0}
🗣️ Le mot du coach · {0}	🗣️ A word from the coach · {0}	🗣️ Unas palabras del entrenador · {0}	🗣️ A palavra do treinador · {0}
Envoyés : {0}	Sent: {0}	Enviados: {0}	Enviados: {0}
Joué avec : {0}	Played with: {0}	Jugó con: {0}	Jogou com: {0}
{0} inscrits	{0} signed up	{0} inscritos	{0} inscritos
{0} inscrit	{0} signed up	{0} inscrito	{0} inscrito
@placeholder ex : Sarah, maman de {0}	e.g. Sarah, {0}'s mum	ej.: Sarah, mamá de {0}	ex.: Sarah, mãe de {0}
🚗 {0} places libres	🚗 {0} seats free	🚗 {0} plazas libres	🚗 {0} lugares livres
🚗 {0} place libre	🚗 {0} seat free	🚗 {0} plaza libre	🚗 {0} lugar livre
départ {0}	leaving {0}	salida {0}	partida {0}
🚗 Covoiturage de {0}	🚗 {0}'s carpool	🚗 Coche compartido de {0}	🚗 Boleia de {0}
{0} sera absent	{0} will be absent	{0} estará ausente	{0} vai faltar
{0} sera absente	{0} will be absent	{0} estará ausente	{0} vai faltar
ton	your	tu	o teu
Cette invitation a expiré (plus de 60 jours) : demande un nouveau code au coach.	This invitation has expired (more than 60 days): ask the coach for a new code.	Esta invitación ha caducado (más de 60 días): pide un nuevo código al entrenador.	Este convite expirou (mais de 60 dias): pede um novo código ao treinador.
Changer la photo	Change the photo	Cambiar la foto	Mudar a foto
Ajouter une photo	Add a photo	Añadir una foto	Adicionar uma foto
Retirer	Remove	Quitar	Remover
Vue par les coachs et sur ta fiche.	Seen by the coaches and on your card.	La ven los entrenadores y aparece en tu ficha.	Vista pelos treinadores e na tua ficha.
📏 Une seule mesure pour l'instant : la courbe apparaît à la suivante.	📏 Only one measurement so far: the curve appears with the next one.	📏 Solo una medida por ahora: la curva aparece con la siguiente.	📏 Só uma medição por enquanto: a curva aparece com a próxima.
📏 Taille	📏 Height	📏 Estatura	📏 Altura
⚖️ Poids	⚖️ Weight	⚖️ Peso	⚖️ Peso
📷 Photo enregistrée	📷 Photo saved	📷 Foto guardada	📷 Foto guardada
Photo retirée	Photo removed	Foto quitada	Foto removida
Photo illisible	Unreadable photo	Foto ilegible	Foto ilegível
Ta photo de profil : vue par les coachs et sur ta fiche.	Your profile photo: seen by the coaches and on your card.	Tu foto de perfil: la ven los entrenadores y aparece en tu ficha.	A tua foto de perfil: vista pelos treinadores e na tua ficha.
La photo de {0} : vue par les coachs et sur sa fiche.	{0}'s photo: seen by the coaches and on their card.	La foto de {0}: la ven los entrenadores y aparece en su ficha.	A foto de {0}: vista pelos treinadores e na sua ficha.
🧍 Profil de {0}	🧍 {0}'s profile	🧍 Perfil de {0}	🧍 Perfil de {0}
Mesure {5} 2 ou 3 fois dans la saison : le coach suit sa croissance (un pic de croissance demande de ménager les charges).	Measure {5} 2 or 3 times a season: the coach follows their growth (a growth spurt calls for lighter loads).	Mide a {5} 2 o 3 veces por temporada: el entrenador sigue su crecimiento (un estirón pide aligerar las cargas).	Mede {5} 2 ou 3 vezes por época: o treinador acompanha o crescimento (um pico de crescimento pede cargas mais leves).
Taille : en centimètres (ex : 135)	Height: in centimetres (e.g. 135)	Estatura: en centímetros (ej.: 135)	Altura: em centímetros (ex.: 135)
